-- phpMyAdmin SQL Dump
-- version 5.2.1
-- https://www.phpmyadmin.net/
--
-- Host: 127.0.0.1
-- Generation Time: May 13, 2024 at 09:48 PM
-- Server version: 10.4.32-MariaDB
-- PHP Version: 8.2.12

SET SQL_MODE = "NO_AUTO_VALUE_ON_ZERO";
START TRANSACTION;
SET time_zone = "+00:00";


/*!40101 SET @OLD_CHARACTER_SET_CLIENT=@@CHARACTER_SET_CLIENT */;
/*!40101 SET @OLD_CHARACTER_SET_RESULTS=@@CHARACTER_SET_RESULTS */;
/*!40101 SET @OLD_COLLATION_CONNECTION=@@COLLATION_CONNECTION */;
/*!40101 SET NAMES utf8mb4 */;

--
-- Database: `depcie`
--

-- --------------------------------------------------------

--
-- Table structure for table `arhive`
--

CREATE TABLE `arhive` (
  `id_arhiva` int(11) NOT NULL,
  `id_student` int(11) NOT NULL,
  `id_materie` int(11) NOT NULL,
  `data_incarcarii` datetime NOT NULL,
  `arhiva` varchar(1000) NOT NULL,
  `licenta` tinyint(1) NOT NULL
) ENGINE=InnoDB DEFAULT CHARSET=utf8mb4 COLLATE=utf8mb4_general_ci;

--
-- Dumping data for table `arhive`
--

INSERT INTO `arhive` (`id_arhiva`, `id_student`, `id_materie`, `data_incarcarii`, `arhiva`, `licenta`) VALUES
(1, 10, 0, '0000-00-00 00:00:00', 'C:/xampp/htdocsC:/xampp/htdocs/uploadedFile/54baff57132791191b6ed7f68f2edf03.zip', 0),
(2, 10, 0, '0000-00-00 00:00:00', 'C:/xampp/htdocsC:/xampp/htdocs/uploadedFile/8c8c5588d4da99558c2e6a7465251fdf.zip', 0),
(3, 10, 30, '0000-00-00 00:00:00', 'C:/xampp/htdocsC:/xampp/htdocs/uploadedFile/3d81daa7902144f4cfeea0f388cd3237.zip', 0),
(4, 10, 0, '0000-00-00 00:00:00', 'C:/xampp/htdocsC:/xampp/htdocs/uploadedFile/47de6ad5a02121f4c5073cc8a9090950.zip', 0),
(5, 10, 170, '0000-00-00 00:00:00', 'C:/xampp/htdocsC:/xampp/htdocs/uploadedFile/ade5d242ba42f4ac1e33324513f41d95.zip', 0),
(6, 10, 170, '2024-04-24 00:01:58', 'C:/xampp/htdocsC:/xampp/htdocs/uploadedFile/c5d80e8d419091cdb1ef84315bf76f20.zip', 0),
(7, 10, 106, '2024-04-24 01:05:33', 'C:/xampp/htdocsC:/xampp/htdocs/uploadedFile/a17a255058dac8ba80a3c9f6c5df0c23.zip', 0),
(8, 10, 30, '2024-04-24 01:06:51', 'C:/xampp/htdocs/uploadedFile/d2a8e3d4d7f6fb30338f46e42657f2f5.zip', 0),
(9, 10, 106, '2024-04-24 11:03:03', 'C:/xampp/htdocs/uploadedFile/a7c13b0761c0417c4753b3005bbbf7e4.zip', 0),
(10, 10, 170, '2024-04-24 11:06:25', 'C:/xampp/htdocs/uploadedFile/b75bc79babed113beaf8323a00ba04ca.zip', 0),
(11, 10, 170, '2024-04-24 12:36:34', 'C:/xampp/htdocs/uploadedFile/8f119cd6434064c89dd4181c8d30a58e.zip', 0),
(12, 10, 170, '2024-04-24 12:40:05', 'C:/xampp/htdocs/uploadedFile/fe02a3620c19c23f287ec8c225a0e730.zip', 0),
(13, 10, 170, '2024-04-24 12:42:45', 'C:/xampp/htdocs/uploadedFile/029246709a96a94a4df49b43bd265bd1.zip', 0),
(14, 10, 170, '2024-04-24 12:43:02', 'C:/xampp/htdocs/uploadedFile/c0e6599766112b3c990e6e0cae6f3ad9.zip', 0),
(15, 10, 170, '2024-04-24 12:44:54', 'C:/xampp/htdocs/uploadedFile/03799d874d3168efb8f6fce83767f239.zip', 0),
(16, 10, 170, '2024-04-24 12:46:16', 'C:/xampp/htdocs/uploadedFile/3d80c17626b96467ad79d1a89e3f86f1.zip', 0),
(17, 10, 170, '2024-04-24 12:48:30', 'C:/xampp/htdocs/uploadedFile/1087d8320d144dc070b2d8a957d9db14.zip', 0),
(18, 10, 170, '2024-04-24 13:03:44', 'C:/xampp/htdocs/uploadedFile/1bb6e985742afe1bb1e83729922b8b44.zip', 0),
(19, 10, 170, '2024-04-24 13:06:09', 'http://localhost/uploadedFile/853818a9f31c4510a27b890e0f0e2979.zip', 0),
(20, 10, 170, '2024-04-24 15:14:49', 'http://localhost/uploadedFile/163c56bee74e3b491f895b0a2170c0ea.zip', 0),
(21, 10, 170, '2024-04-24 15:21:07', 'http://localhost/uploadedFile/a26deef15786a7cd41cddacef4f9000e.zip', 0),
(22, 10, 170, '2024-04-24 15:24:48', 'http://localhost/uploadedFile/2b45b57c0672f9a35636eda4d2c24516.zip', 0),
(23, 10, 170, '2024-04-24 15:30:16', 'http://localhost/uploadedFile/8cea80f170896b4b9f2cf5ccb8be1f40.zip', 0),
(24, 10, 170, '2024-04-25 10:58:57', 'http://localhost/uploadedFile/747ca7d47503a0a30959e2a43aec80c3.zip', 0),
(25, 10, 170, '2024-04-25 11:02:31', 'http://localhost/uploadedFile/0b70129058e76b9dfae83659eef11615.zip', 0),
(26, 10, 170, '2024-04-25 11:36:09', 'http://localhost/uploadedFile/e98cfc00b5129ce647c5cd129df70a1f.zip', 0),
(27, 10, 170, '2024-04-25 11:37:05', 'http://localhost/uploadedFile/71f29826d15a292f017091ee75c621dd.zip', 0),
(28, 10, 170, '2024-04-25 11:37:13', 'http://localhost/uploadedFile/dbab1876bb875604c7a0f3c580375643.zip', 0),
(29, 10, 170, '2024-04-25 11:47:34', 'http://localhost/uploadedFile/26b78613e6e41bc894a905f087ac45b0.zip', 0),
(30, 10, 170, '2024-04-25 11:48:25', 'http://localhost/uploadedFile/05bd66e28e0a5bf27023d90abb304f02.zip', 0),
(31, 10, 170, '2024-04-25 11:49:48', 'http://localhost/uploadedFile/0a8d0a8d39ffdf373ec42103f253c2d6.zip', 0),
(32, 3, 170, '2024-04-29 12:10:21', 'http://localhost/uploadedFile/fbc35a8e88cfd2a2eb01ad6e6967ae7d.zip', 0),
(33, 3, 170, '2024-04-30 12:37:04', 'http://localhost/uploadedFile/86fad5d97c9fe8ffb0f0416eb2cf5725.zip', 0),
(34, 3, 170, '2024-04-30 15:13:07', 'http://localhost/uploadedFile/355eea7d9ea9b5874c81ea6436c82c0c.zip', 0),
(35, 3, 170, '2024-04-30 15:13:19', 'http://localhost/uploadedFile/ab83327fcc9967adf87e725338140d99.zip', 0),
(36, 14, 30, '2024-05-04 12:53:14', 'http://localhost/uploadedFile/c0ad802ef82d242f06f6b23422390e2d.zip', 0),
(37, 3, 30, '2024-05-10 15:15:21', 'http://localhost/uploadedFile/67c655728e7798b572c16ea82b985ad0.zip', 0),
(38, 3, 106, '2024-05-10 15:17:48', 'http://localhost/uploadedFile/ad15ca4c9fcd30a989ae8ab3ce78edde.zip', 0),
(39, 3, 30, '2024-05-10 15:35:22', 'http://localhost/uploadedFile/cfe4fb83554736dfd3a356c357c137a5.zip', 0),
(40, 3, 30, '2024-05-10 15:42:42', 'http://localhost/uploadedFile/42ee1e65be7670d1957ccbd71ef4c767.zip', 0),
(42, 3, 2, '2024-05-13 14:00:35', 'http://localhost/uploadedFile/50289baae137ce91e2c6a970172cd2f8.zip', 1),
(43, 3, 2, '2024-05-13 14:01:45', 'http://localhost/uploadedFile/b3e66d6d4011aae97e00e4cb95f1af4e.zip', 1),
(44, 3, 2, '2024-05-13 14:15:29', 'http://localhost/uploadedFile/f0446f72ab91d91f015b490531f59d73.zip', 1);

-- --------------------------------------------------------

--
-- Table structure for table `cereri_teme`
--

CREATE TABLE `cereri_teme` (
  `id_cerere` int(11) NOT NULL,
  `id_tema` int(11) NOT NULL,
  `id_specializare` int(11) NOT NULL,
  `id_student` int(11) NOT NULL,
  `acceptat` int(11) NOT NULL
) ENGINE=InnoDB DEFAULT CHARSET=utf8mb4 COLLATE=utf8mb4_general_ci;

--
-- Dumping data for table `cereri_teme`
--

INSERT INTO `cereri_teme` (`id_cerere`, `id_tema`, `id_specializare`, `id_student`, `acceptat`) VALUES
(0, 2, 1, 3, 2),
(0, 4, 1, 1, 2),
(0, 4, 1, 2, 2);

-- --------------------------------------------------------

--
-- Table structure for table `cerinte`
--

CREATE TABLE `cerinte` (
  `id_cerinte` int(11) NOT NULL,
  `id_materie` int(11) NOT NULL,
  `id_task` int(11) NOT NULL,
  `indeplinire` tinyint(1) NOT NULL,
  `observatii` varchar(2500) NOT NULL,
  `id_student` int(11) NOT NULL
) ENGINE=InnoDB DEFAULT CHARSET=utf8mb4 COLLATE=utf8mb4_general_ci;

--
-- Dumping data for table `cerinte`
--

INSERT INTO `cerinte` (`id_cerinte`, `id_materie`, `id_task`, `indeplinire`, `observatii`, `id_student`) VALUES
(91, 106, 5, 0, '', 17),
(92, 106, 6, 0, '', 17),
(94, 106, 9, 0, '', 1),
(95, 106, 9, 0, '', 2),
(96, 106, 9, 0, '', 3),
(97, 106, 9, 0, '', 5),
(98, 106, 9, 0, '', 6),
(99, 106, 9, 0, '', 8),
(100, 106, 9, 0, '', 9),
(101, 106, 9, 0, '', 10),
(102, 106, 9, 0, '', 11),
(103, 106, 9, 0, '', 14),
(104, 106, 9, 0, '', 15),
(105, 106, 9, 0, '', 17),
(106, 106, 9, 0, '', 18),
(107, 106, 9, 0, '', 19),
(108, 106, 9, 0, '', 20),
(109, 106, 9, 0, '', 21),
(110, 30, 10, 0, '', 1),
(111, 30, 10, 0, '', 2),
(112, 30, 10, 0, '', 3),
(113, 30, 10, 0, '', 5),
(114, 30, 10, 0, '', 6),
(115, 30, 10, 0, '', 8),
(116, 30, 10, 0, '', 9),
(117, 30, 10, 0, '', 10),
(118, 30, 10, 0, '', 11),
(119, 30, 10, 0, '', 14),
(120, 30, 10, 0, '', 15),
(121, 30, 10, 0, '', 17),
(122, 30, 10, 0, '', 18),
(123, 30, 10, 0, '', 19),
(124, 30, 10, 0, '', 20),
(125, 30, 10, 0, '', 21),
(126, 30, 11, 0, '', 1),
(127, 30, 11, 0, '', 2),
(128, 30, 11, 0, '', 3),
(129, 30, 11, 0, '', 5),
(130, 30, 11, 0, '', 6),
(131, 30, 11, 0, '', 8),
(132, 30, 11, 0, '', 9),
(133, 30, 11, 0, '', 10),
(134, 30, 11, 0, '', 11),
(135, 30, 11, 0, '', 14),
(136, 30, 11, 0, '', 15),
(137, 30, 11, 0, '', 17),
(138, 30, 11, 0, '', 18),
(139, 30, 11, 0, '', 19),
(140, 30, 11, 0, '', 20),
(141, 30, 11, 0, '', 21);

-- --------------------------------------------------------

--
-- Table structure for table `legaturi_standar`
--

CREATE TABLE `legaturi_standar` (
  `id_leg_s` int(10) NOT NULL,
  `id_nivel3` int(11) NOT NULL DEFAULT 0,
  `id_nivel2` int(10) NOT NULL DEFAULT 0,
  `id_nivel1` int(10) NOT NULL DEFAULT 0,
  `id_nivel0` int(10) NOT NULL DEFAULT 0
) ENGINE=InnoDB DEFAULT CHARSET=utf8 COLLATE=utf8_general_ci;

--
-- Dumping data for table `legaturi_standar`
--

INSERT INTO `legaturi_standar` (`id_leg_s`, `id_nivel3`, `id_nivel2`, `id_nivel1`, `id_nivel0`) VALUES
(190, 572, 544, 508, 436),
(191, 572, 544, 508, 437),
(192, 572, 544, 509, 438),
(193, 572, 544, 509, 439),
(194, 572, 544, 510, 440),
(195, 572, 544, 510, 441),
(196, 573, 545, 511, 442),
(197, 573, 545, 511, 443),
(198, 573, 545, 512, 444),
(199, 574, 546, 513, 445),
(200, 574, 546, 513, 446),
(201, 574, 546, 514, 447),
(202, 572, 547, 515, 448),
(203, 572, 547, 515, 449),
(204, 572, 547, 516, 450),
(205, 572, 547, 516, 451),
(206, 572, 547, 517, 452),
(207, 572, 547, 517, 453),
(208, 573, 548, 518, 454),
(209, 573, 548, 518, 455),
(210, 574, 549, 519, 456),
(211, 574, 549, 519, 457),
(212, 572, 550, 520, 458),
(213, 572, 550, 520, 459),
(214, 572, 550, 521, 460),
(215, 572, 550, 521, 461),
(216, 573, 551, 522, 462),
(217, 573, 551, 522, 463),
(218, 574, 552, 523, 464),
(219, 572, 553, 524, 465),
(220, 572, 553, 524, 466),
(221, 572, 553, 524, 467),
(222, 572, 553, 525, 468),
(223, 572, 553, 525, 469),
(224, 572, 553, 525, 470),
(225, 573, 554, 526, 471),
(226, 573, 554, 526, 472),
(227, 574, 555, 527, 473),
(228, 574, 555, 527, 474),
(229, 575, 556, 528, 475),
(230, 575, 557, 529, 476),
(231, 576, 558, 530, 477),
(232, 576, 559, 531, 478),
(233, 577, 560, 532, 479),
(234, 577, 561, 533, 480),
(235, 578, 562, 534, 481),
(236, 578, 562, 534, 482),
(237, 579, 563, 535, 483),
(238, 579, 563, 535, 484),
(239, 578, 564, 536, 485),
(240, 579, 565, 537, 486),
(241, 578, 566, 538, 487),
(242, 579, 567, 539, 488),
(243, 579, 567, 539, 489),
(244, 578, 568, 540, 490),
(245, 578, 568, 540, 491),
(246, 579, 569, 541, 492),
(247, 579, 569, 541, 493),
(248, 580, 570, 542, 506),
(249, 580, 571, 543, 507),
(250, 672, 644, 616, 581),
(251, 672, 644, 616, 582),
(252, 669, 645, 617, 583),
(253, 669, 645, 617, 584),
(254, 669, 645, 618, 585),
(255, 671, 646, 619, 586),
(256, 671, 646, 619, 587),
(257, 671, 646, 620, 588),
(258, 670, 647, 621, 589),
(259, 673, 648, 622, 590),
(260, 672, 649, 623, 591),
(261, 669, 650, 624, 592),
(262, 669, 650, 624, 593),
(263, 669, 650, 624, 594),
(264, 671, 651, 625, 595),
(265, 671, 651, 625, 596),
(266, 670, 652, 626, 597),
(267, 673, 653, 627, 598),
(268, 672, 654, 628, 599),
(269, 669, 655, 629, 600),
(270, 669, 655, 629, 601),
(271, 671, 656, 630, 602),
(272, 670, 657, 631, 603),
(273, 673, 658, 632, 604),
(274, 672, 659, 633, 605),
(275, 669, 660, 634, 606),
(276, 669, 660, 634, 607),
(277, 671, 661, 635, 608),
(278, 670, 662, 636, 609),
(279, 673, 663, 638, 610),
(280, 674, 664, 639, 611),
(281, 675, 665, 640, 612),
(282, 675, 666, 641, 613),
(283, 676, 667, 642, 614),
(284, 676, 668, 643, 615),
(285, 673, 663, 638, 637),
(286, 789, 758, 725, 677),
(287, 789, 758, 725, 678),
(288, 789, 758, 726, 679),
(289, 789, 758, 726, 680),
(290, 790, 759, 727, 681),
(291, 790, 759, 727, 682),
(292, 790, 759, 728, 683),
(293, 791, 760, 729, 684),
(294, 791, 760, 729, 685),
(295, 792, 761, 730, 686),
(297, 793, 762, 731, 688),
(299, 789, 763, 732, 690),
(300, 789, 763, 732, 691),
(301, 789, 763, 732, 692),
(302, 790, 764, 733, 693),
(303, 790, 764, 733, 694),
(304, 791, 765, 734, 695),
(305, 792, 766, 735, 696),
(306, 793, 767, 736, 697),
(307, 793, 767, 736, 698),
(308, 789, 768, 737, 699),
(309, 789, 768, 737, 700),
(310, 790, 769, 738, 701),
(311, 790, 769, 738, 702),
(312, 791, 770, 739, 703),
(313, 793, 771, 740, 704),
(314, 789, 772, 741, 705),
(315, 789, 772, 741, 706),
(316, 790, 773, 742, 707),
(317, 790, 773, 742, 708),
(318, 790, 773, 742, 709),
(319, 791, 774, 743, 710),
(320, 792, 775, 744, 711),
(321, 793, 776, 745, 712),
(322, 794, 777, 746, 713),
(323, 794, 778, 747, 714),
(324, 795, 779, 748, 715),
(325, 795, 780, 749, 716),
(326, 796, 781, 750, 717),
(327, 796, 782, 751, 718),
(328, 797, 783, 752, 719),
(329, 797, 784, 753, 720),
(330, 798, 785, 754, 721),
(331, 798, 786, 755, 722),
(332, 799, 787, 756, 723),
(333, 799, 788, 757, 724),
(334, 0, 0, 0, 821),
(335, 0, 0, 0, 823),
(336, 0, 0, 0, 824),
(337, 0, 0, 0, 825);

-- --------------------------------------------------------

--
-- Table structure for table `legturi_s`
--

CREATE TABLE `legturi_s` (
  `id_leg_ser` int(10) NOT NULL,
  `id_serie` int(10) NOT NULL,
  `id_n0` int(10) NOT NULL
) ENGINE=InnoDB DEFAULT CHARSET=utf8 COLLATE=utf8_general_ci;

--
-- Dumping data for table `legturi_s`
--

INSERT INTO `legturi_s` (`id_leg_ser`, `id_serie`, `id_n0`) VALUES
(225, 800, 581),
(226, 800, 582),
(227, 800, 677),
(228, 800, 678),
(229, 800, 679),
(230, 800, 680),
(231, 801, 591),
(232, 801, 690),
(233, 801, 691),
(234, 801, 692),
(235, 802, 583),
(236, 802, 584),
(237, 802, 585),
(238, 802, 586),
(239, 802, 587),
(240, 802, 588),
(241, 803, 592),
(242, 803, 593),
(243, 803, 594),
(244, 803, 595),
(245, 803, 596),
(246, 804, 590),
(247, 804, 681),
(248, 804, 682),
(249, 804, 683),
(250, 805, 590),
(251, 805, 681),
(252, 805, 682),
(253, 805, 683),
(254, 805, 684),
(255, 805, 685),
(256, 806, 681),
(257, 806, 682),
(258, 806, 683),
(259, 806, 684),
(260, 806, 685),
(261, 807, 686),
(262, 807, 688),
(263, 808, 598),
(264, 808, 693),
(265, 808, 694),
(266, 809, 696),
(267, 809, 697),
(268, 809, 698),
(273, 811, 595),
(274, 811, 596),
(275, 811, 597),
(276, 812, 695),
(277, 812, 696),
(278, 812, 697),
(279, 812, 698),
(280, 813, 604),
(281, 813, 701),
(282, 813, 702),
(283, 814, 583),
(284, 814, 584),
(285, 814, 585),
(286, 814, 589),
(287, 815, 442),
(288, 815, 443),
(289, 815, 444),
(290, 815, 445),
(291, 815, 446),
(292, 815, 447),
(293, 816, 444),
(294, 816, 447),
(295, 817, 592),
(296, 817, 593),
(297, 817, 594),
(298, 817, 597),
(299, 818, 595),
(300, 818, 596),
(301, 818, 598),
(302, 819, 585),
(303, 819, 588),
(304, 820, 454),
(305, 820, 455),
(306, 820, 456),
(307, 820, 457),
(308, 822, 695),
(309, 822, 696),
(310, 826, 598),
(311, 826, 693),
(312, 826, 694),
(313, 827, 590),
(314, 827, 683),
(315, 828, 590),
(316, 828, 681),
(317, 828, 682),
(318, 828, 683),
(319, 829, 590),
(320, 829, 681),
(321, 829, 682),
(322, 829, 683),
(323, 829, 684),
(324, 829, 685),
(325, 830, 604),
(326, 830, 701),
(327, 830, 702),
(328, 831, 610),
(329, 831, 637),
(330, 831, 707),
(331, 831, 708),
(332, 831, 709),
(333, 832, 591),
(334, 832, 592),
(335, 832, 593),
(336, 832, 594),
(337, 832, 595),
(338, 832, 596),
(339, 832, 597),
(340, 832, 598),
(341, 832, 690),
(342, 832, 691),
(343, 832, 692),
(344, 832, 693),
(345, 832, 694),
(346, 832, 695),
(347, 832, 696),
(348, 832, 697),
(349, 832, 698);

-- --------------------------------------------------------

--
-- Table structure for table `locuri`
--

CREATE TABLE `locuri` (
  `id_locuri` int(11) NOT NULL,
  `id_profesor_depcie` int(11) NOT NULL,
  `id_specializare` int(11) NOT NULL,
  `locuri_disponibile` int(11) NOT NULL,
  `locuri_ocupate` int(11) NOT NULL
) ENGINE=InnoDB DEFAULT CHARSET=utf8mb4 COLLATE=utf8mb4_general_ci;

--
-- Dumping data for table `locuri`
--

INSERT INTO `locuri` (`id_locuri`, `id_profesor_depcie`, `id_specializare`, `locuri_disponibile`, `locuri_ocupate`) VALUES
(1, 3, 1, 9, 1),
(2, 3, 2, 10, 0),
(3, 4, 1, 8, 2),
(4, 4, 3, 15, 0);

-- --------------------------------------------------------

--
-- Table structure for table `materi`
--

CREATE TABLE `materi` (
  `id_materie` int(5) NOT NULL,
  `materie` varchar(100) CHARACTER SET latin1 COLLATE latin1_swedish_ci NOT NULL,
  `id_an` int(10) NOT NULL,
  `sem` tinyint(4) NOT NULL,
  `dep` tinyint(4) NOT NULL
) ENGINE=InnoDB DEFAULT CHARSET=utf8mb4 COLLATE=utf8mb4_general_ci;

--
-- Dumping data for table `materi`
--

INSERT INTO `materi` (`id_materie`, `materie`, `id_an`, `sem`, `dep`) VALUES
(3, 'Actionari electrice I', 3, 1, 1),
(4, 'Actionari electrice II', 3, 2, 1),
(5, 'Actionari hidraulice si pneumatice', 4, 1, 1),
(6, 'Adaptive Systems Theory', 1, 1, 1),
(7, 'Advanced Compression Methods', 1, 2, 1),
(8, 'Advanced Computer Communications', 1, 2, 1),
(9, 'Advanced Computer Graphics', 1, 2, 1),
(10, 'Advanced DSP Methods', 2, 1, 1),
(11, 'Advanced Methods in Text Mining', 1, 1, 1),
(12, 'Advances in Computer Vision', 2, 1, 1),
(13, 'Advances in Software Engineering', 1, 1, 1),
(14, 'Agent and Service Oriented Softw. Engin.', 2, 1, 1),
(15, 'Algorithm Complexity', 1, 2, 1),
(16, 'Algoritmi paraleli si distribuiti (aleg)', 4, 2, 1),
(17, 'Analiza algoritmilor', 2, 1, 1),
(18, 'Analiza si sinteza circuitelor', 1, 1, 1),
(19, 'Analiza si sinteza disp. numerice', 1, 2, 1),
(20, 'Aplicatii ale inteligentei artificiale', 2, 2, 1),
(21, 'Aplicatii ale tehnologiei informatiei', 1, 1, 1),
(22, 'Aplicatii CAD in inginerie electrica', 2, 1, 1),
(23, 'Aplicatii cu sisteme dedicate', 1, 2, 1),
(24, 'Aplicatii integrate pt. intrepr. (alegB)', 4, 2, 1),
(25, 'Aplicatii multim.pt. disp. mobile', 4, 1, 1),
(26, 'Arhitect. de calculat. si sist. de oper.', 4, 1, 1),
(27, 'Arhitectura calculatoarelor I', 3, 1, 1),
(28, 'Arhitectura calculatoarelor II', 3, 2, 1),
(29, 'Arhitectura microprocesoarelor', 3, 1, 1),
(30, 'Arhitectura sistemelor de calcul', 3, 2, 1),
(31, 'Arhitectura Sistemelor de Calcul (', 4, 1, 1),
(32, 'Arhitecturi de calcul avansate', 4, 2, 1),
(33, 'Arhitecturi si prelucrari paralele', 4, 2, 1),
(34, 'Artificial Intelligence in Computer Game', 1, 2, 1),
(35, 'Automate si microprogramare', 4, 2, 1),
(36, 'Automatizari in electronica industriala', 4, 1, 1),
(37, 'Automatizari industriale', 3, 2, 1),
(38, 'Baze de date', 3, 1, 1),
(39, 'Baze de date cu aplicatii in industrie', 1, 2, 1),
(40, 'Bazele contabilitatii (F)', 4, 1, 1),
(41, 'Bazele electrotehnicii I', 1, 2, 1),
(42, 'Bazele electrotehnicii II', 2, 1, 1),
(43, 'Bazele logice ale automatelor', 1, 1, 1),
(44, 'Bazele programarii calculatoarelor', 1, 1, 1),
(45, 'Bazele proiectarii asist.calculator', 3, 2, 1),
(46, 'Bazele sistemelor de achizitii de date', 2, 2, 1),
(47, 'Calculatoare numerice', 3, 1, 1),
(48, 'Calitatea energiei electrice', 1, 1, 1),
(49, 'Circuite electronice fundamentale', 2, 1, 1),
(50, 'Circuite electronice liniare', 2, 1, 1),
(51, 'Circuite integrate analogice', 2, 2, 1),
(52, 'Circuite integrate digitale', 2, 2, 1),
(53, 'Codificarea informatiei multimedia', 4, 1, 1),
(54, 'Comanda perf.a mas. elect. de curent alt', 2, 1, 1),
(55, 'Compatibilitate electromagnetica', 4, 2, 1),
(56, 'Comunic. mobile si prin satelit (aleg)', 4, 2, 1),
(57, 'Comunicare', 4, 2, 1),
(58, 'Comunicare si relatii publice', 4, 2, 1),
(59, 'Criptografie si securit. inform.', 4, 1, 1),
(60, 'Data acquisition systems', 3, 2, 1),
(61, 'Data mining', 4, 1, 1),
(62, 'Digital electronics', 2, 2, 1),
(63, 'Dispoz.electronice si electron.analogica', 2, 1, 1),
(64, 'Dispozitive electronice', 1, 2, 1),
(65, 'Echip.electr.si electron.pt.autov', 4, 1, 1),
(66, 'Echipamente electrice I', 3, 1, 1),
(67, 'Echipamente electrice II', 3, 2, 1),
(68, 'Editare si productie audio-video', 3, 2, 1),
(69, 'Eficienta energetica a proc. electrotehn', 2, 1, 1),
(70, 'Electronica', 2, 1, 1),
(71, 'Electronica de putere', 3, 1, 1),
(72, 'Electronica digitala', 2, 2, 1),
(73, 'Electronica medicala', 3, 2, 1),
(74, 'Electrotehnica', 1, 2, 1),
(75, 'Electrotehnica', 2, 1, 1),
(76, 'Electrotehnica si actionari electrice', 2, 1, 1),
(77, 'Electrotehnica si masini electrice', 2, 1, 1),
(78, 'Elemente de informatica mobila', 4, 1, 1),
(79, 'Elemente de inginerie electrica', 1, 2, 1),
(80, 'Elemente de reglare si control', 3, 1, 1),
(81, 'Embedded Computing', 1, 1, 1),
(82, 'Embedded Systems Architecture', 1, 2, 1),
(83, 'Embedded Systems Design', 2, 1, 1),
(84, 'Ethics and Academic Integrity', 1, 1, 1),
(85, 'Etica', 3, 1, 1),
(86, 'Etica si integritate academica', 1, 1, 1),
(87, 'Evolutionary Computing', 2, 1, 1),
(88, 'Fiabilitate si diagnoza', 4, 2, 1),
(89, 'Fiabilitate software (alegB)', 4, 2, 1),
(90, 'Fiabilitatea sist. electronice (aleg)', 4, 2, 1),
(92, 'Grafica asistata de calculator', 2, 2, 1),
(93, 'Informatica aplicata', 1, 1, 1),
(94, 'Ingineria programarii in timp real', 2, 2, 1),
(95, 'Ingineria programelor', 3, 1, 1),
(96, 'Ingineria sistemelor de programe I', 2, 2, 1),
(97, 'Inginerie sistemelor de programe II', 3, 1, 1),
(98, 'Inginerie software', 3, 1, 1),
(99, 'Inginerie software pt. cond.proc.industr', 2, 2, 1),
(100, 'Instrumentatie electronica de masura', 2, 1, 1),
(101, 'Instrumentatie industriala', 3, 2, 1),
(102, 'Instrumentatie virtuala', 3, 2, 1),
(103, 'Instrumente pt. dezvolt. progr.', 4, 1, 1),
(104, 'Integrarea sistemelor informat. (alegD)', 4, 2, 1),
(105, 'Intelig. artific. si psihologie cognitiv', 3, 2, 1),
(106, 'Inteligenta artificiala', 3, 2, 1),
(107, 'Interactiunea om-calculator (aleg)', 4, 2, 1),
(109, 'Interactiunea om-calculator', 4, 1, 1),
(110, 'Interferente si perturbatii', 1, 2, 1),
(111, 'Interfete si comunicatii de date', 3, 1, 1),
(112, 'Interfete si periferice in automotive', 2, 1, 1),
(113, 'Interfete si protocoale de comunicatii', 2, 2, 1),
(114, 'Internet of Things', 2, 1, 1),
(115, 'Introducere in ingineria electrica', 1, 1, 1),
(116, 'Invatare automata', 4, 1, 1),
(118, 'Limbaje de descriere hardware', 3, 1, 1),
(119, 'Limbaje de programare', 1, 1, 1),
(120, 'Limbaje formale si automate', 3, 1, 1),
(121, 'Limbaje formale si translatoare', 3, 1, 1),
(122, 'Logica computationala', 3, 2, 1),
(123, 'Machine Learning', 1, 2, 1),
(124, 'Management', 4, 2, 1),
(125, 'Managementul proiectelor complexe', 1, 1, 1),
(126, 'Marketing industrial', 3, 2, 1),
(127, 'Masini electrice I', 2, 2, 1),
(128, 'Masini electrice II', 3, 1, 1),
(129, 'Masini electrice speciale', 4, 1, 1),
(130, 'Masini si actionari electrice', 3, 2, 1),
(131, 'Masurari electrice si electronice', 2, 1, 1),
(132, 'Masurari si traductoare', 2, 2, 1),
(133, 'Masuratori electronice, senz. si traduct', 2, 2, 1),
(134, 'Materiale electrotehnice', 2, 1, 1),
(135, 'Mecanica', 1, 2, 1),
(136, 'Mecanisme si organe de masini', 2, 2, 1),
(137, 'Metode numerice', 3, 1, 1),
(138, 'Microarhitecturi', 2, 1, 1),
(139, 'Microcontrolere in automotive', 2, 2, 1),
(140, 'Microcontrolere si automate programabile', 3, 2, 1),
(141, 'Microcontrollere', 3, 2, 1),
(142, 'Microcontrollere (alegB)', 4, 2, 1),
(143, 'Microelectronica (facultativ)', 2, 2, 1),
(144, 'Modelare identificare si simulare', 4, 2, 1),
(145, 'Modelarea si simularea sist. electromec.', 1, 2, 1),
(146, 'Modelarea si simularea sistemelor', 4, 1, 1),
(147, 'Multiagent Systems', 2, 1, 1),
(148, 'Neuroprocessing', 1, 2, 1),
(149, 'P.A.C. a modulelor electronice (aleg)', 3, 2, 1),
(150, 'Paradigme de programare', 2, 2, 1),
(151, 'Plant Control', 2, 1, 1),
(152, 'Prelucrare grafica', 4, 1, 1),
(153, 'Prelucrarea digitala a semnalelor', 3, 2, 1),
(154, 'Prelucrarea imaginilor', 4, 1, 1),
(155, 'Prelucrari grafice avansate', 3, 1, 1),
(156, 'Procesarea imaginilor', 4, 1, 1),
(157, 'Procesarea numerica a imaginilor', 4, 1, 1),
(158, 'Procesarea numerica a semnalelor', 4, 1, 1),
(161, 'Procesarea semnalelor', 4, 1, 1),
(162, 'Producerea, transp. si distrib. en. el.', 4, 1, 1),
(163, 'Program. calc. si limbaje de program.I', 1, 2, 1),
(164, 'Program. calc. si limbaje de program.II', 2, 1, 1),
(165, 'Program. calc. si limbaje de programare', 1, 2, 1),
(166, 'Programare in limbaj de asamblare', 2, 1, 1),
(167, 'Programare in Matlab', 2, 2, 1),
(168, 'Programare obiect-orientata', 2, 1, 1),
(169, 'Programare orientata pe obiecte', 2, 1, 1),
(170, 'Programare WEB', 2, 2, 1),
(171, 'Programarea aplicatiilor grafice', 2, 1, 1),
(172, 'Programarea aplicatiilor multimedia', 3, 2, 1),
(173, 'Programarea jocurilor', 4, 1, 1),
(174, 'Proiectare logica', 1, 2, 1),
(175, 'Proiectare orientata obiect', 1, 2, 1),
(176, 'Proiectare software', 2, 2, 1),
(177, 'Proiectarea algoritmilor', 2, 1, 1),
(178, 'Proiectarea asistata a circuitelor', 1, 1, 1),
(179, 'Proiectarea bazelor de date', 3, 2, 1),
(180, 'Proiectarea cu circ. logice in apl. ind.', 1, 1, 1),
(181, 'Regasirea informatiei (aleg)', 3, 2, 1),
(182, 'Research Methods in Adv. Comp. Architect', 1, 1, 1),
(183, 'Retele de calc. si protocoale de comunic', 1, 2, 1),
(184, 'Retele de calculatoare', 3, 1, 1),
(185, 'Retele de calculatoare', 3, 2, 1),
(186, 'Retele locale', 3, 1, 1),
(187, 'Retele neurale si sisteme fuzzy (aleg)', 4, 2, 1),
(188, 'Rezistenta materialelor', 2, 1, 1),
(189, 'Rezistenta materialelor', 2, 2, 1),
(190, 'Securitatea datelor', 4, 1, 1),
(191, 'Semnale si sisteme', 2, 1, 1),
(192, 'Senzori inteligenti si sist.distrib.mas.', 2, 1, 1),
(193, 'Senzori si traductoare', 2, 2, 1),
(194, 'Simularea si optim. arhit. de calcul', 4, 1, 1),
(195, 'Sist. de recunoastere a formelor (aleg)', 3, 2, 1),
(196, 'Sisteme CAD/CASE (aleg)', 3, 2, 1),
(197, 'Sisteme cu microprocesoare', 3, 2, 1),
(198, 'Sisteme cu microprocesoare', 3, 1, 1),
(199, 'Sisteme de achizitie de date', 3, 2, 1),
(200, 'Sisteme de I/O si echipamente periferice', 2, 2, 1),
(201, 'Sisteme de operare', 3, 2, 1),
(202, 'Sisteme de operare in timp real', 2, 1, 1),
(203, 'Sisteme de prelucrare grafica (alegD)', 4, 2, 1),
(204, 'Sisteme digitale', 2, 2, 1),
(205, 'Sisteme dinamice cu evenimente discrete', 4, 1, 1),
(206, 'Sisteme incorporate (alegD)', 4, 2, 1),
(207, 'Sisteme multimedia (alegB)', 4, 2, 1),
(208, 'Sisteme tolerante la defecte (alegD)', 4, 2, 1),
(209, 'Software Engineering', 1, 1, 1),
(210, 'Structuri de date si algoritmi', 1, 2, 1),
(211, 'Structuri de date si algoritmi', 1, 1, 1),
(212, 'Surse de energie alternative', 4, 1, 1),
(213, 'Surse regenerabile', 4, 1, 1),
(214, 'Tehnici av. pt. mas. camp. electromagn.', 1, 2, 1),
(215, 'Tehnici avansate de regl. a proc. indust', 1, 2, 1),
(216, 'Tehnici CAD in realiz. module electron.', 2, 2, 1),
(217, 'Tehnici de comunicare', 1, 2, 1),
(218, 'Tehnici de comunicare profesionala', 1, 2, 1),
(219, 'Tehnologia fabric. echip. electromecanic', 4, 2, 1),
(220, 'Tehnologii electrice', 4, 1, 1),
(221, 'Tehnologii WEB', 2, 2, 1),
(222, 'Tehnologii WEB II', 3, 1, 1),
(223, 'Televiziune', 4, 1, 1),
(224, 'Teoria campului electromagnetic', 2, 1, 1),
(225, 'Teoria circuitelor electrice', 1, 2, 1),
(226, 'Teoria probabilit. si statistica matem.', 2, 1, 1),
(227, 'Teoria sistemelor', 2, 1, 1),
(228, 'Teoria sistemelor si reglaj automat', 3, 1, 1),
(229, 'Teoria transmisiunii informatiei', 2, 2, 1),
(230, 'Testarea echipament. electronice', 4, 1, 1),
(231, 'Traductoare,interf. si achizitii de date', 2, 2, 1),
(232, 'WEB design', 2, 2, 1),
(233, 'Actionari si automatizari', 3, 1, 2),
(234, 'Actionari si automatizari', 3, 2, 2),
(235, 'Amenajarea a res. de apa (F)', 4, 2, 2),
(236, 'Analiza economica si financiara', 3, 2, 2),
(237, 'Analiza si sinteza proc. tehnol.', 3, 1, 2),
(238, 'Antreprenoriat si dezv afacerilor ind.', 1, 2, 2),
(239, 'Aparate de masura si control', 3, 2, 2),
(240, 'Applied Informatics', 3, 1, 2),
(241, 'Auditarea si certificarea sistemelor calitatii', 2, 1, 2),
(242, 'Automatizarea proc. tehn. si bioteh.', 3, 1, 2),
(243, 'Automatizarea proceselor tehnologice', 3, 2, 2),
(244, 'Basic of cutting and surface generation', 3, 1, 2),
(245, 'Bazele aschierii si generarii sup 1', 2, 2, 2),
(246, 'Bazele aschierii si generarii sup 2', 3, 1, 2),
(247, 'Bazele creatiei tehnice', 3, 1, 2),
(248, 'Bazele economiei (2)', 2, 1, 2),
(249, 'Bazele economiei 1', 1, 2, 2),
(250, 'Bazele managementului', 1, 1, 2),
(251, 'Bazele prelucrarii prin deformare plasti', 3, 1, 2),
(252, 'Bazele prelucrarii prin deformare plasti', 3, 2, 2),
(253, 'Bazele proiect. tehnolog asist de calc', 3, 1, 2),
(254, 'Bazele sistemelor automate in transportu', 2, 2, 2),
(255, 'Calc.cost. in pr.de inv. (F)', 1, 1, 2),
(256, 'Calc.cost. in pr.de inv.(F)', 1, 1, 2),
(257, 'Calitate in transporturi', 3, 2, 2),
(258, 'Calitatea gazelor naturale', 1, 2, 2),
(259, 'Calitatea si managementul mediului', 1, 2, 2),
(260, 'Capitalul uman in organizatii', 1, 2, 2),
(261, 'Cercetari de marketing', 4, 2, 2),
(262, 'Cercetari operationale', 2, 2, 2),
(263, 'Chimie', 1, 1, 2),
(264, 'Chimie 1', 1, 1, 2),
(265, 'Chimie 2', 1, 2, 2),
(266, 'Chimie-fizica', 1, 2, 2),
(267, 'Comprimarea si lich gazelor', 3, 1, 2),
(268, 'Computer Aided Design 2', 3, 1, 2),
(269, 'Comunicare', 1, 1, 2),
(270, 'Comunicare', 2, 2, 2),
(271, 'Comunicare si negociere in afaceri', 2, 1, 2),
(272, 'Confortabilitate si ergonomie', 3, 2, 2),
(273, 'Contabilitate', 2, 2, 2),
(274, 'Controlul statistic al proceselor', 1, 1, 2),
(275, 'Coroziune si protectie anticoroziva', 2, 1, 2),
(276, 'Cultura organizationala', 4, 1, 2),
(277, 'Cunoasterea automobilelor si a circulati', 2, 1, 2),
(278, 'Cutting Tools', 3, 2, 2),
(279, 'Depozitarea fluidelor', 4, 1, 2),
(280, 'Desen tehnic si infografica', 1, 2, 2),
(281, 'Desen tehnic si infografica 2', 2, 1, 2),
(282, 'Desen tehnic si infografica 2', 2, 2, 2),
(283, 'Designul proiectelor complexe', 1, 1, 2),
(284, 'Dezvoltare durabila a mediului', 3, 1, 2),
(285, 'Dezvoltare durabila in transporturi', 3, 2, 2),
(286, 'Dinamica fluidelor', 3, 1, 2),
(287, 'Dinamica si expertiza accidentelor rutie', 4, 1, 2),
(288, 'Dispozitive tehnologice', 4, 2, 2),
(289, 'Dispozitive tehnologice 1', 3, 2, 2),
(290, 'Dispozitive tehnologice 2', 4, 1, 2),
(291, 'Distrib fluid in retele de conducte', 4, 1, 2),
(292, 'Distributie si vanzari', 2, 1, 2),
(293, 'Drept si legislatie (F)', 1, 1, 2),
(294, 'Ec. mondiala si rel.ec. internationale', 4, 2, 2),
(295, 'Echipamente de comanda, control si diagn', 4, 2, 2),
(296, 'Echipamente foraj extract', 4, 1, 2),
(297, 'Economia transporturilor', 3, 1, 2),
(298, 'Economie generala', 1, 1, 2),
(299, 'Economisirea hidrocarburilor', 4, 2, 2),
(300, 'Energii regenerabile', 3, 1, 2),
(301, 'Etica si integritate academica', 1, 1, 2),
(302, 'Evaluarea risc.si manag. securit si sana', 1, 1, 2),
(303, 'Evaluarea riscurilor, asigurari si teh.d', 4, 1, 2),
(304, 'Extractia si prel hidrocarb', 3, 2, 2),
(305, 'Fabricarea si repararea autovehiculelor', 4, 1, 2),
(306, 'Fabricatia asistata de calculator- sist', 4, 2, 2),
(307, 'Fabricatia virtuala', 1, 2, 2),
(308, 'Fen de transf si operatii unitare', 2, 2, 2),
(309, 'Fiabilitate si mentenanta (F)', 3, 1, 2),
(310, 'Fiabilitatea si mentenab sistemelor', 1, 1, 2),
(311, 'Fiabilitatea si mentenabilitatea sistemelor', 1, 1, 2),
(312, 'Fiabilitatea si mentenanta autovehiculel', 4, 1, 2),
(313, 'Fiabilitatea si mentenanta sistemelor', 2, 1, 2),
(314, 'Finante si creditare', 3, 1, 2),
(315, 'Fizico-chimia zacamintelor', 4, 2, 2),
(316, 'Fonduri structurale si alte tipuri de gr', 2, 1, 2),
(317, 'Forajul sondelor', 3, 1, 2),
(318, 'Formarea preturilor si tarifarea in tran', 4, 1, 2),
(319, 'Geologie gen si stratigrafica', 3, 1, 2),
(320, 'Geometrie descriptiva', 1, 1, 2),
(321, 'Geometrie descriptiva', 1, 2, 2),
(322, 'Grafica asistata de calculator', 2, 1, 2),
(323, 'Grafica asistata de calculator', 2, 2, 2),
(324, 'Hidraulica subterana', 3, 2, 2),
(325, 'Imbunatatirea sase sigma', 1, 1, 2),
(326, 'Industrial Design', 3, 1, 2),
(327, 'Infrastructura rutiera', 3, 1, 2),
(328, 'Ing inmag subt si comerc hidrocarb', 1, 1, 2),
(329, 'Ing zacamintelor de gaze', 4, 1, 2),
(330, 'Ingineria calitatii', 3, 1, 2),
(331, 'Ingineria calitatii', 4, 2, 2),
(332, 'Ingineria si managementul investitiilor', 2, 1, 2),
(333, 'Inginerie concurenta', 4, 1, 2),
(334, 'Inovare si transfer de tehnologie', 2, 1, 2),
(335, 'Instalatii de control si cda a circulati', 2, 2, 2),
(336, 'Instalatii sanitare si de gaze', 2, 2, 2),
(337, 'Instruire asistata de calculator (F)', 3, 1, 2),
(338, 'Istoria tehnicii', 1, 2, 2),
(339, 'Leadership', 1, 2, 2),
(340, 'Leadership in organizatii', 1, 2, 2),
(341, 'Leadership in proiecte', 1, 2, 2),
(342, 'Legislatie economica', 4, 2, 2),
(343, 'Legislatie si drept in transporturi', 4, 2, 2),
(344, 'Logistica', 4, 1, 2),
(345, 'Logistica activitatilor de expeditie si', 2, 1, 2),
(346, 'Logistica interoperationala', 2, 1, 2),
(347, 'Logistica transporturilor', 4, 2, 2),
(348, 'Machine elements 2', 3, 1, 2),
(349, 'Machine elements 2 - Project', 3, 1, 2),
(350, 'Machine tools', 3, 1, 2),
(351, 'Manag integrat al des 1', 3, 1, 2),
(352, 'Manag integrat al des 2', 3, 2, 2),
(353, 'Manag sustenabil prin analiza si interpr', 1, 1, 2),
(354, 'Manag.ciclului de viata a produsului', 1, 1, 2),
(355, 'Manag.sanatatii si securitatii ocupation', 2, 1, 2),
(356, 'Management financiar', 1, 1, 2),
(357, 'Management financiar al proiectelor', 1, 1, 2),
(358, 'Management industrial', 2, 1, 2),
(359, 'Management operational', 1, 1, 2),
(360, 'Management si marketing', 2, 1, 2),
(361, 'Management si marketing', 2, 2, 2),
(362, 'Management strategic', 1, 2, 2),
(363, 'Managementul achizitiilor', 1, 2, 2),
(364, 'Managementul achizitiilor in proiecte', 1, 1, 2),
(365, 'Managementul achizitiilor si furnizorilor', 2, 1, 2),
(366, 'Managementul calitatii', 3, 2, 2),
(367, 'Managementul calitatii totale', 2, 1, 2),
(368, 'Managementul ciclului de viata a prod.', 1, 1, 2),
(369, 'Managementul dezvoltarii durabile', 1, 2, 2),
(370, 'Managementul echipelor de proiect', 1, 2, 2),
(371, 'Managementul forajului', 1, 1, 2),
(372, 'Managementul IMM-urilor', 4, 1, 2),
(373, 'Managementul inovarii', 3, 2, 2),
(374, 'Managementul integrat al calitatii', 1, 1, 2),
(375, 'Managementul investitiilor', 4, 1, 2),
(376, 'Managementul lantului logistic', 1, 1, 2),
(377, 'Managementul logisticii', 3, 2, 2),
(378, 'Managementul marketingului', 2, 1, 2),
(379, 'Managementul marketingului', 2, 2, 2),
(380, 'Managementul mentenantei', 3, 1, 2),
(381, 'Managementul productiei si serviciilor', 3, 1, 2),
(382, 'Managementul proiectelor', 1, 1, 2),
(383, 'Managementul proiectelor', 3, 2, 2),
(384, 'Managementul proiectelor complexe', 1, 1, 2),
(385, 'Managementul proiectelor de mediu', 3, 2, 2),
(386, 'Managementul proiectului', 2, 1, 2),
(387, 'Managementul relatiilor cu clientii', 2, 1, 2),
(388, 'Managementul resurselor umane', 2, 1, 2),
(389, 'Managementul resurselor umane', 2, 2, 2),
(390, 'Managementul sanatatii si securitatii ocupationale', 2, 1, 2),
(391, 'Managementul sustenabil prin analiza si interpretarea datelor', 1, 1, 2),
(392, 'Managementul timpului (F)', 3, 2, 2),
(393, 'Managmentul proiectului', 1, 2, 2),
(394, 'Manufacturing Processes 1', 3, 2, 2),
(395, 'Marketing', 1, 2, 2),
(396, 'Marketing in transporturi', 2, 2, 2),
(397, 'Masini si instalatii pentru manipularea', 4, 1, 2),
(398, 'Masini si utilaje de transport', 2, 2, 2),
(399, 'Masini unelte 1', 3, 1, 2),
(400, 'Masini unelte 1', 3, 2, 2),
(401, 'Masini unelte 2', 3, 2, 2),
(402, 'Mat utiliz in transp si distrib gazelor', 1, 1, 2),
(403, 'Mecanica', 1, 2, 2),
(404, 'Mecanica 1', 1, 2, 2),
(405, 'Mecanica 2', 2, 1, 2),
(406, 'Mecanica 2', 2, 2, 2),
(407, 'Mecanica fluidelor', 3, 1, 2),
(408, 'Mecanica fluidelor', 2, 2, 2),
(409, 'Mecanica fluidelor si echipamente hidrau', 2, 1, 2),
(410, 'Mecanisme', 2, 1, 2),
(411, 'Mecanisme', 2, 2, 2),
(412, 'Mecanisme si organe de masini', 2, 2, 2),
(413, 'Mediul economic (F)', 1, 1, 2),
(414, 'Mentenanta ret de transp si distr g nat', 2, 1, 2),
(415, 'Met numerice de mod sim si optimiz 2', 3, 2, 2),
(416, 'Met. si th. pentru diagnoza si imbun. pr', 2, 1, 2),
(417, 'Metal forming process and equipment', 3, 2, 2),
(418, 'Metode de control ale fabricat. produsel', 2, 1, 2),
(419, 'Metode numerice', 2, 1, 2),
(420, 'Metode numerice de modelare, simulare si', 3, 1, 2),
(421, 'Metode si mijloace CAI', 1, 2, 2),
(422, 'Metode si mijloace CAM', 1, 2, 2),
(423, 'Mijloace de transport', 2, 2, 2),
(424, 'Mineralogie si petrologie', 3, 2, 2),
(425, 'Modelarea si sim. proc.de prod.', 3, 2, 2),
(426, 'Monitorizarea mediului', 3, 1, 2),
(427, 'Monitorizarea sist de transp gaze nat', 2, 1, 2),
(428, 'Motoare cu ardere interna', 3, 1, 2),
(429, 'Optimiz factor de recup a struct gazeife', 1, 2, 2),
(430, 'Optimizarea constr. functionala a prod.', 1, 1, 2),
(431, 'Optimizarea constr. functionala a prod.', 1, 2, 2),
(432, 'Organe de masini', 2, 1, 2),
(433, 'Organe de masini', 2, 2, 2),
(434, 'Organe de masini 1', 2, 2, 2),
(435, 'Organe de masini 2', 3, 1, 2),
(436, 'Organe de masini 2', 3, 2, 2),
(437, 'Organizarea intreprinderii', 4, 1, 2),
(438, 'Planificare resurselor intreprinderii', 1, 2, 2),
(439, 'Pneumatic and hydraulic equipment', 3, 2, 2),
(440, 'Politici Investitionale In transporturi', 3, 1, 2),
(441, 'Politici si mecanis institutionale in do', 1, 2, 2),
(442, 'Politici si mecanisme institutionale In domeniul calitatii', 1, 2, 2),
(443, 'Politici si strateg in ing gazelor nat', 2, 1, 2),
(444, 'Poluare fonica', 4, 1, 2),
(445, 'Prelucrari prin aschiere', 2, 2, 2),
(446, 'Principiile fabricatiei suple', 1, 2, 2),
(447, 'Principles of Project Management', 3, 1, 2),
(448, 'Product Design and Development', 3, 2, 2),
(449, 'Programarea avansata si exploatarea echi', 2, 1, 2),
(450, 'Programarea calc si limbaje de progr 1', 1, 1, 2),
(451, 'Programarea calc si limbaje de progr 2', 1, 2, 2),
(452, 'Programarea calc si limbaje de program', 1, 1, 2),
(453, 'Programarea calc si limbaje de program', 1, 2, 2),
(454, 'Proiect - imbunatatire continua', 1, 2, 2),
(455, 'Proiect. param. asist. de calc. a stant.', 4, 2, 2),
(456, 'Proiectare asistata de calculator a prod', 2, 1, 2),
(457, 'Proiectare asistata de calculator a prod', 2, 2, 2),
(458, 'Proiectarea colaborativa a produselor', 1, 1, 2),
(459, 'Proiectarea cu ajutorul elementului fini', 4, 2, 2),
(460, 'Proiectarea tehnologiilor pe sisteme fle', 4, 1, 2),
(461, 'Protectia med in asezarile umane', 4, 2, 2),
(462, 'Protectia mediului', 3, 2, 2),
(463, 'Reabilitarea struct gazeifere', 4, 2, 2),
(464, 'Resurse umane (F)', 2, 1, 2),
(465, 'Rezistenta materialelor', 2, 1, 2),
(466, 'Rezistenta materialelor', 2, 2, 2),
(467, 'Rezistenta materialelor 1', 2, 1, 2),
(468, 'Rezistenta materialelor 1', 2, 2, 2),
(469, 'Rezistenta materialelor 2', 2, 2, 2),
(470, 'Risc si securitate industriala', 4, 2, 2),
(471, 'Riscul in afaceri (F)', 2, 2, 2),
(472, 'Robotics', 3, 2, 2),
(473, 'Schimbari majore climatice', 3, 1, 2),
(474, 'Scule aschietoare 1', 3, 1, 2),
(475, 'Scule aschietoare 2', 3, 2, 2),
(476, 'Securitatea si siguranta in transporturi', 4, 1, 2),
(477, 'Sim. num. transp. hidro.', 1, 1, 2),
(478, 'Sisteme de inspectie a calitatii in flux', 1, 1, 2),
(479, 'Sisteme de transport', 3, 2, 2),
(480, 'Sisteme flexibile de prelucrare', 4, 1, 2),
(481, 'Sisteme flexibile de prelucrare', 4, 2, 2),
(482, 'Sisteme GIS', 4, 2, 2),
(483, 'Sisteme inform. geografice', 4, 1, 2),
(484, 'Sisteme informatice de gestiune', 4, 2, 2),
(485, 'Sisteme informatice pentru suport decizi', 1, 2, 2),
(486, 'Sisteme informationale in proiecte', 1, 2, 2),
(487, 'Sisteme neconv de propulsie si transport', 4, 1, 2),
(488, 'Stiinta materialelor', 1, 1, 2),
(489, 'Stiinta si ingineria materialelor', 1, 1, 2),
(490, 'Stiinta si ingineria materialelor', 1, 2, 2),
(491, 'Strat. si tehn. CAD de proi. av. a prod.', 1, 1, 2),
(492, 'Studii de impact', 4, 1, 2),
(493, 'Studii de impact si manag risc de mediu', 2, 1, 2),
(494, 'Studii th-ec pentru proiecte', 1, 2, 2),
(495, 'Studiul materialelor', 1, 1, 2),
(496, 'Sustenabilitatea proiectelor', 2, 1, 2),
(497, 'Teh.achiz., monit.si diagn.a calit.mediu', 3, 2, 2),
(498, 'Tehn. si echip. de depol. solurilor 1', 4, 1, 2),
(499, 'Tehn. si echip. de depol. solurilor 2', 4, 2, 2),
(500, 'Tehnica informarii si comunicarii', 1, 1, 2),
(501, 'Tehnici ale cunoasterii stiintifice', 1, 1, 2),
(502, 'Tehnici de asambl in transp, si distri 2', 2, 2, 2),
(503, 'Tehnici de asambl in transp.si distri 1', 2, 1, 2),
(504, 'Tehnici de prezentare', 4, 1, 2),
(505, 'Tehnici de reabilit a mediului', 4, 1, 2),
(506, 'Tehnici si instrumente ale calitatii', 1, 2, 2),
(507, 'Tehnici si met. de imbunat. a calitatii', 1, 2, 2),
(508, 'Tehnolog si echip de epurare aer 1', 4, 1, 2),
(509, 'Tehnolog si echip de epurare aer 2', 4, 2, 2),
(510, 'Tehnolog si echip de trat si epur. ape1', 4, 1, 2),
(511, 'Tehnolog si echip de trat si epur. ape2', 4, 2, 2),
(512, 'Tehnolog specif real ret de tr gaz nat', 1, 2, 2),
(513, 'Tehnologia constructiilor de masini 1', 3, 2, 2),
(514, 'Tehnologia constructiilor de masini 2', 4, 1, 2),
(515, 'Tehnologia constructiilor de masini 3', 4, 2, 2),
(516, 'Tehnologia materialelor', 2, 1, 2),
(517, 'Tehnologia materialelor', 1, 2, 2),
(518, 'Tehnologia materialelor 1', 2, 1, 2),
(519, 'Tehnologia materialelor 2', 2, 2, 2),
(520, 'Tehnologii curate', 3, 2, 2),
(521, 'Tehnologii de asamblare', 4, 2, 2),
(522, 'Tehnologii de fabricatie 1', 3, 2, 2),
(523, 'Tehnologii de fabricatie 2', 4, 1, 2),
(524, 'Tehnologii de prelucrare pe MUCN', 4, 1, 2),
(525, 'Tehnologii de prelucrare prin def. 1', 3, 1, 2),
(526, 'Tehnologii de prelucrare prin def. 1', 3, 2, 2),
(527, 'Tehnologii de prelucrare prin def. 2', 3, 2, 2),
(528, 'Tehnologii de proc. a mat. polimerice', 3, 2, 2),
(529, 'Telematica rutiera', 3, 1, 2),
(530, 'Teoria probab. si statistica mat (F)', 1, 2, 2),
(531, 'Teoria probabilitatilor si statistica ma', 1, 1, 2),
(532, 'Teoria probabilitatilor si statistica ma', 1, 2, 2),
(533, 'Term.colect, transp si dep hidrocarb (F)', 3, 2, 2),
(534, 'Terminale de transport', 3, 2, 2),
(535, 'Termot si masini termice 1', 3, 1, 2),
(536, 'Termot si masini termice 2', 3, 2, 2),
(537, 'Termotehnica', 2, 2, 2),
(538, 'Termotehnica si echipamente termice', 2, 2, 2),
(539, 'Tipizarea produselor (F)', 3, 2, 2),
(540, 'Tolerante si control dimensional', 2, 1, 2),
(541, 'Tolerante si control dimensional 1', 2, 1, 2),
(542, 'Tolerante si control dimensional 2', 2, 2, 2),
(543, 'Trafic rutier', 3, 1, 2),
(544, 'Transport public de persoane', 3, 2, 2),
(545, 'Transportul fludelor multifazice', 4, 1, 2),
(546, 'Transportul gazelor', 4, 1, 2),
(547, 'Transportul hidrocarburilor', 3, 2, 2),
(548, 'Transporturi multimodale', 4, 2, 2),
(549, 'Transporturi speciale', 4, 2, 2),
(550, 'Tranzactii comerciale', 3, 1, 2),
(551, 'Tratamente termice', 3, 1, 2),
(552, 'Tratarea apei si ev rec strat', 3, 1, 2),
(553, 'Tribologie (F)', 3, 2, 2),
(554, 'Virtual and Rapid Prototyping', 3, 2, 2),
(555, '78', 2, 2, 3),
(556, 'Achizitia si procesarea datelor experime', 1, 2, 3),
(557, 'Actionarea hidraulica a robotilor indust', 3, 1, 3),
(558, 'Actionarea hidraulica a robotilor indust', 3, 2, 3),
(559, 'Actionarea robotilor', 3, 2, 3),
(560, 'Actionari electrice', 3, 2, 3),
(561, 'Actionari electrice pentru masini unelte', 3, 1, 3),
(562, 'Actionari hidraulice si pneumatice 1', 3, 1, 3),
(563, 'Actionari hidraulice si pneumatice 2', 3, 2, 3),
(564, 'Afaceri mici si mijlocii', 4, 1, 3),
(565, 'Algebra liniara, geometrie analitica si diferentiala', 1, 1, 3),
(566, 'Analiza cu elemente finite', 4, 2, 3),
(567, 'Analiza cu elemente finite in robotica', 4, 2, 3),
(568, 'Analiza economica', 3, 2, 3),
(569, 'Analiza matematica', 1, 2, 3),
(570, 'Analiza proiectelor de investitii', 4, 1, 3),
(571, 'Analiza si sinteza asistata a sist.', 1, 2, 3),
(572, 'Analiza si sinteza sistemelor hidronice', 1, 2, 3),
(573, 'Arhitectura calculatoarelor', 2, 1, 3),
(574, 'Arhitectura calculatoarelor numerice', 2, 1, 3),
(575, 'Automate programabile', 4, 1, 3),
(576, 'Automatizarea sistemelor de fabricatie 1', 3, 2, 3),
(577, 'Automatizarea sistemelor de fabricatie 2', 4, 1, 3),
(578, 'Bazele aschierii si generarii supraf 2', 3, 1, 3),
(579, 'Bazele aschierii si generarii suprafetelor 1', 2, 2, 3),
(580, 'Bazele cercetarii creative', 2, 1, 3),
(581, 'Bazele economiei (2)', 2, 1, 3),
(582, 'Bazele economiei 1', 1, 2, 3),
(583, 'Bazele managementului', 1, 1, 3),
(584, 'Bazele proc. in conf. textile 1', 3, 1, 3),
(585, 'Bazele proc. in conf. textile 2', 3, 2, 3),
(586, 'Bazele proc. in tricotaje 2', 3, 2, 3),
(587, 'Bazele proceselor in tricotaje 1', 3, 1, 3),
(588, 'Bazele roboticii', 3, 1, 3),
(589, 'Bazele roboticii', 3, 2, 3),
(590, 'Bazele sistemelor automate', 2, 2, 3),
(591, 'Bazele sistemelor mecatronice', 2, 1, 3),
(592, 'Biomecatronica', 1, 1, 3),
(593, 'Cda. si progr. mu cu cda numerica', 3, 2, 3),
(594, 'Cercetarea experimentala si prelucrarea datelor', 3, 1, 3),
(595, 'Cercetari de marketing', 4, 1, 3),
(596, 'Cercetari operationale', 2, 2, 3),
(597, 'Chimie', 1, 1, 3),
(598, 'Com.si progr.echip.de def. plastica', 2, 1, 3),
(599, 'Comanda si programarea MUCN', 4, 1, 3),
(600, 'Comportamentul consumatorului', 4, 1, 3),
(601, 'Comportamentul managerial', 3, 1, 3),
(602, 'Comunicare', 1, 1, 3),
(603, 'Conceptul de produs si promov. Produsului', 2, 2, 3),
(604, 'Confortul si functiile produselor textile', 2, 2, 3),
(605, 'Constructia si modelarea imbracamintei', 3, 2, 3),
(606, 'Contabilitate', 2, 2, 3),
(607, 'Controlul avansat al sistemelor mecatron', 1, 1, 3),
(608, 'Controlul prod. prin masurare asist', 3, 2, 3),
(609, 'Controlul si asigurarea calitatii in tex', 3, 1, 3),
(610, 'Creatie artistica', 2, 2, 3),
(611, 'Creatie artistica In textile pielarie', 4, 2, 3),
(612, 'Creativitate si inventica', 2, 2, 3),
(613, 'Cultura si civilizatie', 1, 2, 3),
(614, 'Cultura si civilizatie romaneasca', 3, 1, 3),
(615, 'Desen tehnic si Infografica 1', 1, 2, 3),
(616, 'Desen tehnic si infografica 2', 2, 1, 3),
(617, 'Desen tehnic si infografica 2', 2, 2, 3),
(618, 'Design 1', 2, 1, 3),
(619, 'Design 2', 2, 2, 3),
(620, 'Design in textile - pielarie', 3, 2, 3),
(621, 'Dezvoltarea tehnologiilor de tricotare', 4, 2, 3),
(622, 'Diagnoza si fiabilitatea sistemelor mec', 1, 2, 3),
(623, 'Dinamica robotilor', 3, 2, 3),
(624, 'Dinamica sistemelor mecatronice', 4, 1, 3),
(625, 'Dispozitive pt MU', 4, 2, 3),
(626, 'Drept si legislatie', 1, 1, 3),
(627, 'Drept si legislatie (F)', 1, 1, 3),
(628, 'Drept si legislatie ec. (F)', 1, 1, 3),
(629, 'Drept si legislatie economica', 1, 1, 3),
(630, 'Echipamente alternative cu comanda numer', 1, 2, 3),
(631, 'Echipamente si tehnologii de fabricatie', 3, 2, 3),
(632, 'Echipamente si tehnologii de fabricatie in mecatronica', 3, 2, 3),
(633, 'Echitate sociala si nondiscriminare', 2, 1, 3),
(634, 'Echitate sociala si nondiscriminare', 2, 2, 3),
(635, 'Economie generala', 3, 1, 3),
(636, 'Educatie digitala', 2, 1, 3),
(637, 'Educatie fizica si sport', 1, 1, 3),
(638, 'Educatie fizica si sport', 1, 2, 3),
(639, 'Educatie Fizica si Sport 1', 1, 1, 3),
(640, 'Educatie fizica si sport 2', 1, 2, 3),
(641, 'Educatie pentru sustenabilitate', 3, 1, 3),
(642, 'Electronica', 2, 1, 3),
(643, 'Electronica de putere', 2, 2, 3),
(644, 'Electronica digitala', 2, 2, 3),
(645, 'Electrotehnica', 2, 1, 3),
(646, 'Elemente constructive de mecatronica', 3, 1, 3),
(647, 'Etica si integritate academica', 2, 1, 3),
(648, 'Etica si integritate academica', 4, 2, 3),
(649, 'Fabrica virtuala', 4, 2, 3),
(650, 'Fabricatie virtuala', 4, 2, 3),
(651, 'Fiabilitate si diagnoza', 4, 1, 3),
(652, 'Fiabilitate si mentenanta', 4, 2, 3),
(653, 'Fiabilitatea si mentenanta', 4, 1, 3),
(654, 'Fibre textile 1', 2, 1, 3),
(655, 'Fibre textile 1', 2, 2, 3),
(656, 'Fibre textile 2', 2, 2, 3),
(657, 'Finante si creditare', 3, 1, 3),
(658, 'Finisarea prod. textile 1', 4, 1, 3),
(659, 'Finisarea produselor textile', 4, 1, 3),
(660, 'Finisarea produselor textile 2', 4, 2, 3),
(661, 'Fizica', 1, 1, 3),
(662, 'Fizica 1', 1, 1, 3),
(663, 'Fizica 2', 1, 2, 3),
(664, 'Fizica Generala', 1, 2, 3),
(665, 'Geometrie descriptiva', 1, 1, 3),
(666, 'Grafica asistata de calculator 1', 1, 1, 3),
(667, 'Grafica asistata de calculator 1', 1, 2, 3),
(668, 'Grafica asistata de calculator 2', 1, 2, 3),
(669, 'Hidronica si pneutronica 1', 3, 1, 3),
(670, 'Hidronica si pneutronica 1', 3, 2, 3),
(671, 'Hidronica si pneutronica 2', 3, 2, 3),
(672, 'Informatica aplicata 1', 1, 1, 3),
(673, 'Informatica aplicata 2', 1, 2, 3),
(674, 'Ingineria calitatii', 4, 1, 3),
(675, 'Ingineria calitatii', 4, 2, 3),
(676, 'Ingineria si managementul calitatii', 4, 2, 3),
(677, 'Ingineria sistemelor de productie', 4, 1, 3),
(678, 'Ingineria sistemelor de productie', 4, 2, 3),
(679, 'Inginerie generala in textile-pielarie', 1, 2, 3),
(680, 'Inteligenta artificiala', 3, 1, 3),
(681, 'Istoria tehnicii', 1, 2, 3),
(682, 'Legisl. propriet. intelect. si industria', 3, 1, 3),
(683, 'Legislatie comerciala', 4, 2, 3),
(684, 'Limba de circulatie internationala', 3, 1, 3),
(685, 'Limba de circulatie internationala', 3, 2, 3),
(686, 'Limba de circulatie internationala 1', 4, 2, 3),
(687, 'Limba de circulatie internationala 1 ', 4, 1, 3),
(688, 'Limba engleza 1', 1, 1, 3),
(689, 'Limba engleza 2', 1, 2, 3),
(690, 'Limba engleza 3', 2, 1, 3),
(691, 'Limba engleza 4', 2, 1, 3),
(692, 'Limba engleza 4', 2, 2, 3),
(693, 'Limba germana 1', 1, 1, 3),
(694, 'Limba germana 2', 1, 2, 3),
(695, 'Limba germana 3', 2, 1, 3),
(696, 'Limba germana 4', 2, 2, 3),
(697, 'Limba romana. Compozitie si stil', 2, 1, 3),
(698, 'Limba romana. Compozitie si stil', 2, 2, 3),
(699, 'Limba straina (secundar) II', 2, 2, 3),
(700, 'Limba straina (secundara) I', 2, 1, 3),
(701, 'Limba straina de circulatie internationala 1', 2, 2, 3),
(702, 'Logistica industriala', 4, 2, 3),
(703, 'Management', 3, 2, 3),
(704, 'Management industrial', 2, 1, 3),
(705, 'Management strategic', 4, 2, 3),
(706, 'Managementul calitatii', 3, 1, 3),
(707, 'Managementul logisticii', 3, 2, 3),
(708, 'Managementul productiei', 3, 1, 3),
(709, 'Managementul proiectelor', 3, 2, 3),
(710, 'Managementul resurselor umane', 3, 2, 3),
(711, 'Managementul riscului in afaceri (F)', 2, 2, 3),
(712, 'Marketing', 1, 2, 3),
(713, 'Masini si sisteme de productie 2', 3, 2, 3),
(714, 'Masini unelte', 3, 1, 3),
(715, 'Masini unelte pt prel. prin def. pl. 1', 3, 2, 3),
(716, 'Masini unelte si prelucrari mecanice', 3, 2, 3),
(717, 'Masini, echipamente si stategii', 1, 1, 3),
(718, 'Masini, echipamente si stategii', 1, 2, 3),
(719, 'Matematica generala', 1, 1, 3),
(720, 'Matematici speciale', 1, 1, 3),
(721, 'Materii prime pt textile-pielarie 1', 2, 1, 3),
(722, 'Materii prime pt textile-pielarie 1', 2, 2, 3),
(723, 'Materii prime pt. textile-pielarie 2', 2, 2, 3),
(724, 'Mecanica', 2, 1, 3),
(725, 'Mecanica', 1, 2, 3),
(726, 'Mecanica 1', 1, 2, 3),
(727, 'Mecanica 2', 2, 1, 3),
(728, 'Mecanica fluidelor', 2, 2, 3),
(729, 'Mecanisme', 2, 2, 3),
(730, 'Mecanisme si organe de masini', 2, 2, 3),
(731, 'Mecanisme si organe de masini 2', 3, 1, 3),
(732, 'Mentenanta sistemelor In mecatronica', 4, 1, 3),
(733, 'Mentenanta sistemelor In mecatronica', 4, 2, 3),
(734, 'Metode numerice', 1, 2, 3),
(735, 'Metode si tehn de proiectare asistata', 1, 1, 3),
(736, 'Metode si tehn de proiectare asistata', 1, 2, 3),
(737, 'Metode si tehnici avansate de proiectare', 1, 1, 3),
(738, 'Metode si tehnici avansate de proiectare', 1, 2, 3),
(739, 'Metrologie in textile-pielarie', 2, 1, 3),
(740, 'Metrologie in textile-pielarie', 2, 2, 3),
(741, 'Metrologie in textile-pielarie 1', 2, 1, 3),
(742, 'Metrologie in textile-pielarie 2', 2, 2, 3),
(743, 'Micro si nanotehnologii', 4, 1, 3),
(744, 'Microcontrolere, microprocesoare', 3, 1, 3),
(745, 'Microrobotica si microsisteme', 2, 1, 3),
(746, 'Microsisteme electromecanice in industri', 1, 2, 3),
(747, 'Modelarea si simularea sist de productie', 4, 2, 3),
(748, 'Modelarea si simularea sist mecatronice', 4, 1, 3),
(749, 'Modelarea si simularea sist mecatronice', 4, 2, 3),
(750, 'Modelarea si simularea sistemelor', 1, 1, 3),
(751, 'Modelarea si simularea sistemelor', 1, 2, 3),
(752, 'Modelarea si simularea sistemelor mecatronice', 4, 1, 3),
(753, 'MU pt prelucrari prin def plastica 2', 4, 1, 3),
(754, 'Multiculturalism si civilizatie europeana', 3, 1, 3),
(755, 'Organe de masini 1', 2, 2, 3),
(756, 'Organe de masini 2', 3, 1, 3),
(757, 'Organizarea productiei in industria text', 3, 1, 3),
(758, 'Practica pedagogica', 4, 2, 3),
(759, 'Procedee speciale de deformare plastica', 2, 1, 3),
(760, 'Procedee speciale de deformare plastica', 2, 2, 3),
(761, 'Procese si masini pt. conf. 1', 4, 1, 3),
(762, 'Procese si masini pt. confectii 2', 4, 2, 3),
(763, 'Procese si masini pt. tricotaje 1', 4, 1, 3),
(764, 'Procese si masini pt. tricotaje 2', 4, 2, 3),
(765, 'Programarea calc si limbaje de program', 1, 1, 3),
(766, 'Programarea calc si limbaje de program', 1, 2, 3),
(767, 'Programarea calc si limbaje de programar', 1, 1, 3),
(768, 'Programarea calc si limbaje de programar', 1, 2, 3),
(769, 'Programarea calc. si limbaje de progr.1', 1, 1, 3),
(770, 'Programarea calc. si limbaje de progr.2', 1, 2, 3),
(771, 'Programarea calculatoarelor si limbaje de programare 1', 1, 1, 3),
(772, 'Programarea calculatoarelor si limbaje de programare 2', 1, 2, 3),
(773, 'Programarea CNC', 2, 1, 3),
(774, 'Programarea echip de comanda numerica', 4, 1, 3),
(775, 'Programarea echip de comanda numerica', 4, 2, 3),
(776, 'Programarea echipamentelor de comanda numerica', 4, 1, 3),
(777, 'Programarea microcontrolerelor', 3, 1, 3),
(778, 'Programarea microcontrolerelor', 3, 2, 3),
(779, 'Programarea robotilor industriali', 3, 1, 3),
(780, 'Proiectare asist de calc In confectii', 4, 1, 3),
(781, 'Proiectare asist de calc In tricotaje', 4, 1, 3),
(782, 'Proiectare asistata de calculator a prod', 2, 1, 3),
(783, 'Proiectarea asis a masinilor si utilajel', 4, 1, 3),
(784, 'Proiectarea asis a masinilor si utilajel', 4, 2, 3),
(785, 'Proiectarea asist de calc In confectii', 4, 1, 3),
(786, 'Proiectarea asist de calc pt SFF', 4, 1, 3),
(787, 'Proiectarea asistata de calculator', 3, 1, 3),
(788, 'Proiectarea asistata de calculator', 3, 2, 3),
(789, 'Proiectarea asistata de calculator a produselor - sisteme CAD', 2, 1, 3),
(790, 'Proiectarea mainilor si sist de prod 2', 4, 1, 3),
(791, 'Proiectarea masinilor unelte si sist. de', 3, 2, 3),
(792, 'Proiectarea optimala a sistemelor mecatr', 1, 1, 3),
(793, 'Proiectarea optimala a sistemelor mecatr', 1, 2, 3),
(794, 'Proiectarea robotilor 1', 3, 1, 3),
(795, 'Proiectarea robotilor 2', 3, 2, 3),
(796, 'Resurse umane', 2, 1, 3),
(797, 'Resurse umane (F)', 2, 1, 3),
(798, 'Retorica argumentare si dezbatere', 2, 1, 3),
(799, 'Rezistenta materialelor', 2, 1, 3),
(800, 'Rezistenta materialelor', 2, 2, 3),
(801, 'Rezistenta materialelor 1', 2, 1, 3),
(802, 'Rezistenta materialelor 2', 2, 2, 3),
(803, 'Roboti industriali', 3, 2, 3),
(804, 'Scriere academica', 2, 1, 3),
(805, 'Scriere academica', 2, 2, 3),
(806, 'Scule aschietoare', 3, 1, 3),
(807, 'Seminar pedagogic', 4, 1, 3),
(808, 'Seminar pedagogic', 2, 2, 3),
(809, 'Senzori si sisteme senzoriale', 3, 2, 3),
(810, 'Simularea cinematica si dinamica a sist', 2, 1, 3),
(811, 'Simularea cinematica si dinamica a sist', 2, 2, 3),
(812, 'Sist pt prelucrarea materialelor nemetal', 4, 2, 3),
(813, 'Sisteme auxiliare in robotica', 4, 2, 3),
(814, 'Sisteme de achizitie de date', 3, 2, 3),
(815, 'Sisteme de conducere avansate In mecatro', 2, 1, 3),
(816, 'Sisteme de conducere avansate In mecatro', 2, 2, 3),
(817, 'Sisteme de conducere in robotica', 4, 1, 3),
(818, 'Sisteme de conducere In robotica', 4, 2, 3),
(819, 'Sisteme flexibile de fabricatie', 4, 1, 3),
(820, 'Sisteme flexibile de fabricatie 1', 4, 1, 3),
(821, 'Sisteme flexibile de fabricatie 1', 4, 2, 3),
(822, 'Sisteme flexibile de fabricatie 2', 4, 2, 3),
(823, 'Sisteme incorporate', 3, 1, 3),
(824, 'Sisteme informatice in management', 4, 2, 3),
(825, 'Sisteme mecatronice', 4, 2, 3),
(826, 'Sisteme senzoriale si instrumentatie vir', 1, 2, 3),
(827, 'Sisteme si echipamente cu comanda numerica', 4, 1, 3),
(828, 'Software pentru instrumentatie virtuala', 3, 2, 3),
(829, 'Stiinta materialelor', 1, 1, 3),
(830, 'Stiinta si ingineria materialelor', 1, 2, 3),
(831, 'Structura si proiec. conf. 2', 3, 2, 3),
(832, 'Structura si proiectarea confectiilor 1', 3, 1, 3),
(833, 'Structura si proiectarea confectiilor tex', 3, 1, 3),
(834, 'Structura si proiectarea tricoturilor', 3, 2, 3),
(835, 'Structuri mecanice pentru mecatronica', 3, 1, 3),
(836, 'Structuri textile - fire', 2, 1, 3),
(837, 'Structuri textile-tesaturi', 2, 2, 3),
(838, 'Structuri textile-tricoturi', 3, 1, 3),
(839, 'Stud. timp. si norm. muncii in ind. text', 3, 2, 3),
(840, 'Tehn. fabricarii masinilor si utilajelor', 4, 2, 3),
(841, 'Tehnici de prezentare', 2, 1, 3),
(842, 'Tehnici de prezentare (F)', 3, 1, 3),
(843, 'Tehnici si sisteme de masurare', 3, 2, 3),
(844, 'Tehnologia confectiilor textile 1', 3, 1, 3),
(845, 'Tehnologia confectiilor textile 2', 3, 2, 3),
(846, 'Tehnologia materialelor', 2, 1, 3),
(847, 'Tehnologia textilelor neconventionale', 4, 2, 3),
(848, 'Tehnologia tricoturilor 1', 3, 1, 3),
(849, 'Tehnologia tricoturilor 2', 3, 2, 3),
(850, 'Tehnologii de fabricatie', 4, 1, 3),
(851, 'Tehnologii de fabricatie si micro / nanotehnologii', 4, 1, 3),
(852, 'Tehnologii de fabricatie si micro/nanote', 4, 1, 3),
(853, 'Tehnologii pt tricoturi functionale', 4, 1, 3),
(854, 'Tehnologii si utilaje In confectii', 4, 2, 3),
(855, 'Tehnologii si utilaje In tricotaje', 4, 2, 3),
(856, 'Teoria probabilitatilor si statistica ma', 2, 1, 3),
(857, 'Teoria probabilitatilor si statistica ma', 1, 2, 3),
(858, 'Teoria probabilitatilor si statistica matematica', 1, 2, 3),
(859, 'Teoria sistemelor automate', 3, 1, 3),
(860, 'Tipizarea produselor (F)', 3, 2, 3),
(861, 'Tolerante si control dimensional', 2, 2, 3),
(862, 'Tolerante si control dimensional 1', 2, 1, 3),
(863, 'Tolerante si control dimensional 2', 2, 2, 3),
(864, 'Tratamente termice', 3, 2, 3),
(865, 'Tribologie (F)', 3, 1, 3),
(866, 'Managementul proiectelor', 2, 1, 4),
(867, 'Managementul proiectului', 4, 1, 4),
(868, 'Managementul resurselor umane', 4, 2, 4),
(869, 'Met. si instr. de manag. organizational', 2, 2, 4),
(870, 'Analiza matematica', 0, 1, 1),
(871, 'Algebra liniara', 0, 1, 1),
(872, 'Fizica', 0, 1, 1),
(873, 'Limba engleza1', 0, 1, 1),
(874, 'Limba germana1', 0, 1, 1),
(875, 'Limba engleza3', 0, 1, 1),
(876, 'Limba germana3', 0, 1, 1),
(877, 'Algebra lin. geometrie analit. si dif.', 0, 1, 1),
(878, 'Chimie', 0, 1, 1),
(879, 'Cercetri de marketing', 0, 1, 2),
(880, 'Microbiologia mediului', 0, 1, 2),
(881, 'Physics', 0, 1, 3),
(882, 'Englez', 0, 1, 2),
(883, 'Educaie fizic', 0, 1, 2),
(884, 'Fizic', 0, 1, 2),
(885, 'Algebr liniar', 0, 1, 2),
(886, 'Electrotehnic i masini electrice', 0, 1, 2),
(887, 'Matematici speciale', 0, 1, 2),
(888, 'Limba Engleza 1', 0, 1, 2),
(889, 'Electrotehnica', 0, 1, 2),
(890, 'Algebra liniara, geometrie analitica si diferentiala', 0, 1, 1),
(891, 'CISCO', 0, 1, 1),
(892, 'Materiale utilizate n transportul  i distribuia gazelor naturale', 0, 1, 2),
(893, 'Fabricatie aditiva si inginerie inversa', 0, 1, 3),
(894, 'Educatie fizica si sport', 0, 1, 1),
(895, 'Pedagogie II (facultativ)', 0, 1, 1),
(896, 'Pedagogie II (facultativ)', 0, 1, 2),
(897, 'Pedagogie II (facultativ)', 0, 1, 3),
(898, 'Psihologia Educaiei (facultativ)', 0, 1, 2),
(899, 'Psihologia Educatiei - facultativ', 0, 1, 3),
(900, 'Psihologia Educatiei (facultativ)', 0, 1, 1),
(901, 'Matematici speciale', 0, 2, 1),
(902, 'Metode numerice', 0, 2, 1),
(903, 'Limba engleza 2', 0, 2, 1),
(904, 'Limba germana 2', 0, 2, 1),
(905, 'Limba engleza 4', 0, 2, 1),
(906, 'Limba germana 4', 0, 2, 1),
(907, 'Proiectarea asistata de calc. a modulelor electr.(aleg.)', 0, 2, 1),
(908, 'Bazele proiectarii asistate', 0, 2, 1),
(909, 'Analiza matematica', 0, 2, 2),
(910, 'Limba engleza', 0, 2, 2),
(911, 'Educatie fizica', 0, 2, 2),
(912, 'Fizica', 0, 2, 2),
(913, 'Ecotoxicologie', 0, 2, 2),
(914, 'Igiena muncii', 0, 2, 2),
(915, 'Biotehnologii', 0, 2, 2),
(916, 'Sisteme pentru prelucrarea materialelor nemetalice', 0, 2, 3),
(917, 'Termotehnica', 0, 2, 3),
(918, 'Didactica specialitatii', 0, 2, 3),
(919, 'CISCO', 0, 2, 1),
(920, 'mbuntirea calitii - proiect', 0, 2, 2),
(921, 'Didactica specialitatii (facultativ)', 0, 2, 1),
(923, 'Didactica specialitatii (facultativ)', 0, 2, 2),
(924, 'Pedagogie (facultativ)', 0, 2, 2),
(925, 'Psihologia educatiei', 0, 1, 1),
(926, 'Arhitecturi Avansate de Calcul', 0, 1, 1),
(927, 'Probabilitate si Statistica Matematica', 0, 1, 1),
(928, 'Proiectarea optimala a sistemelor mecatronice', 0, 1, 3),
(929, 'Achizitia si prelucrarea datelor experimentale', 0, 1, 3),
(930, 'Metode numerice de optimizare a prod.', 0, 1, 3),
(931, 'Consultatii', 0, 1, 1),
(932, 'Tutoriat', 0, 1, 1),
(933, 'Tutoriat', 0, 1, 3),
(934, 'Consultatii', 0, 1, 3),
(935, 'Programming of microcontrollers /Programarea microcontrorarelor ', 0, 2, 3),
(936, 'Machine tools and manufacturing/Masini unelte si prefucrari mecanice', 0, 2, 3),
(937, 'Mecanisme i organe de maini 2/ Mechanisms and machine parts 2', 0, 2, 3),
(938, 'Bazele roboticii/Fundamentals of robotics', 0, 2, 3),
(939, 'Proiectarea asistat de calculator/Computer aided design', 0, 2, 3),
(940, 'Hidronica si pneutronica 1 /Hydronics and pneutronics 1', 0, 2, 3),
(941, 'Elemente constructive de mecatronica/Constructive elements of mechatronics ', 0, 2, 3),
(942, 'Programarea microcontrolarelor/Programming of microcontrollers', 0, 2, 3),
(943, 'inteligenta', 0, 2, 3),
(944, 'Inteligenta artificiala / Artificial intelligence', 0, 2, 3),
(945, 'Tehnici i sisteme de msurare /Systems and technics of measurement ', 0, 2, 3),
(946, 'Maini unelte i prelucrri mecanice/Machine tools  and manufacturing', 0, 2, 3),
(947, 'Sisteme de achiziie de date /Data acquisition systems', 0, 2, 3),
(948, 'Hidronica si pneutronica 2/ Hydronics and pneutronics 2', 0, 2, 3),
(949, 'Acionri electrice/Electrical actuator', 0, 2, 3),
(950, 'Echipamente si tehnologii de fabricatie in mecatronica / Equipment and manufacturing technologies in', 0, 2, 3),
(951, 'Software pentru instrumentaie virtual /Software for virtual instrumentation ', 0, 2, 3),
(952, 'Senzori i sisteme senzoriale /Sensors and sensorial systems', 0, 2, 3),
(953, 'Sisteme de conducere n robotic / Control systems in robotics', 0, 2, 3),
(954, 'Sisteme flexibile de fabricaie 1/  Flexible manufacturing systems 1', 0, 2, 3),
(955, 'Tehnologii de fabricaie i micro / nanotehnologii /Manufacturing technologies and micro/nanotechn', 0, 2, 3),
(956, 'Modelarea i simularea sistemelor mecatronice /Computer-aided engineering of mechatronic systems', 0, 2, 3),
(957, 'Mentenana sistemelor n mecatronic/ Maintenance of mechatronic systems', 0, 2, 3),
(958, 'Automate programabile/ Programmable controllers', 0, 2, 3),
(959, 'Dinamica sistemelor mecatronice /Dynamics of mechatronic systems', 0, 2, 3),
(960, 'Sisteme si echipamente cu comand numeric/ Numerically controlled systems and equipment', 0, 2, 3),
(961, 'Programarea echipamentelor de comand numeric /CNC systems', 0, 2, 3),
(962, 'Sisteme flexibile de fabricatie  2 /Flexible manufacturing systems 2', 0, 2, 3),
(963, 'Logistic industrial / Industrial logistics', 0, 2, 3),
(964, 'Sisteme mecatronice / Mechatronic systems', 0, 2, 3),
(965, 'Fabricaie virtual /Virtual manufacturing', 0, 2, 3),
(966, 'Analiz cu elemente finite /Finite elenents analysis ', 0, 2, 3),
(967, 'Ingineria calitatii / Quality engineering', 0, 2, 3),
(968, 'Sigurana pasiv a autovehiculelor', 0, 2, 2),
(969, 'Fluid mechanics', 0, 2, 3),
(970, 'Mechanisms and machine parts 1', 0, 2, 3),
(971, 'Technical thermodynamics', 0, 2, 3),
(972, 'Digital electronics', 0, 2, 3),
(973, 'Power electronics', 0, 2, 3),
(974, 'Tolerances and Dimensional control', 0, 2, 3),
(975, 'Metode si tehnici de simulare a proc.de prel a mat plastice', 0, 2, 3),
(976, 'Simulare cinematica a sistemelor mecanice', 0, 2, 3),
(977, 'Sport', 0, 2, 3),
(978, 'Fundamentals of atomated systems', 0, 2, 3),
(979, 'Sisteme de fabricatie robotizate', 0, 2, 3),
(980, 'Tehnici CAE pentru controlul proceselor industriale', 0, 2, 3),
(981, 'Computer aided graphics 2', 0, 2, 3),
(982, 'Computer programming and programming languages', 0, 2, 3),
(983, 'Probability theory and statistics', 0, 2, 3),
(984, 'Mathematical analysis', 0, 2, 3),
(985, 'Materials science and engineering', 0, 2, 3),
(986, 'Numerical methods', 0, 2, 3),
(987, 'English language', 0, 2, 3),
(988, 'German language', 0, 2, 3),
(989, 'History of technics', 0, 2, 3),
(990, 'Pedagogia (facultativ)', 0, 2, 1),
(991, 'Management ecologic', 0, 1, 2),
(992, 'Interfete si periferice in automotive.', 0, 1, 1),
(993, 'Tehnici CAM de programarea echipamentelor ', 0, 1, 3),
(994, 'Echipamente cu comanda numerica', 0, 1, 3),
(995, 'Actionarea si automatizarea echipamentelor de deformare', 0, 1, 3),
(996, 'Pedagogie II (facultativ).', 0, 1, 1),
(997, 'Mechanisms and machine parts 2', 0, 1, 3),
(998, 'Proiectarea asistata de calculator/Computer aided design ', 0, 1, 3),
(999, 'Hydronics and pneutronics 1', 0, 1, 3),
(1000, 'Fundamentals of robotics', 0, 1, 3),
(1001, 'Constructive elements of mechatronics', 0, 1, 3),
(1002, 'Programming of microcontrollers ', 0, 1, 3),
(1003, 'Artificial intelligence ', 0, 1, 3),
(1004, 'Sisteme de conducere in robotica/Control systems in robotics', 0, 1, 3),
(1005, 'Flexible manufacturing systems 1', 0, 1, 3),
(1006, 'Maintenance of mechatronics systems', 0, 1, 3),
(1007, 'Manufacturing technologies and micro/nanotechnologies', 0, 1, 3),
(1008, 'Computer-aided engineering of mechatronics systems', 0, 1, 3),
(1009, 'Automate programabile/Programmable controllers', 0, 1, 3),
(1010, 'Programarea echipamentelor cu comanda numerica / CNC Systems', 0, 1, 3),
(1011, 'Control systems in robotics', 0, 1, 3),
(1012, 'Consultaii', 0, 1, 2),
(1013, 'Evaluarea riscurilor, asigur. si tehnici de comercializare a auto', 0, 2, 2),
(1014, 'Programare orientata pe obiecte I', 0, 2, 1),
(1015, 'Chimie', 0, 2, 2),
(1016, 'Mijloace si utilaje de transport', 0, 2, 2),
(1017, 'Grafica asistat de calculator 2 / Computer-Aided Graphics 2', 0, 2, 3),
(1018, 'Programarea calculatoarelor si limbaje de programare / Computer programming and programming language', 0, 2, 3),
(1019, 'Teoria probabilitatilor si statistica matematica / Probabilistics teory and statistics', 0, 2, 3),
(1020, 'Analiza matematica / Mathematical analysis', 0, 2, 3),
(1021, 'Stiinta si ingineria materialelor / Materials science and engineering', 0, 2, 3),
(1022, 'Metode numerice / Numerical methods', 0, 2, 3),
(1023, 'Limba engleza 2 / English language 2', 0, 2, 3),
(1024, 'Limba germana 2 / German language 2', 0, 2, 3),
(1025, 'Istoria tehnicii / History of technics', 0, 2, 3),
(1026, 'Educatie fizica si sport / Sport', 0, 2, 3),
(1027, 'Termotehnica / Technical thermodynamics', 0, 2, 3),
(1028, 'Electronica digitala / Digital electronics', 0, 2, 3),
(1029, 'Electronica de putere / Power electronics', 0, 2, 3),
(1030, 'Tolerante si control dimensional / Tolerances and dimensional control ', 0, 2, 3),
(1031, 'Bazele sistemelor automate / Fundamentals of automated systems', 0, 2, 3),
(1032, 'Mecanica fluidelor / Fluid mechanics', 0, 2, 3),
(1033, 'Mecanisme si organe de masini 1 / Mechanisms and machine parts', 0, 2, 3),
(1034, 'Practica de domeniu / Internship', 0, 2, 3),
(1035, 'Didactica specialitatii (facultativ) / Didactics (optional)', 0, 2, 3),
(1036, 'Pedagogie (facultativ)', 0, 2, 3),
(1037, 'Pedagogie (facultativ) / Pedagogy (optional)', 0, 2, 3),
(1038, 'consultatii', 0, 2, 3);

-- --------------------------------------------------------

--
-- Table structure for table `nivele_seri`
--

CREATE TABLE `nivele_seri` (
  `id_ns` int(10) NOT NULL,
  `ordin` int(1) NOT NULL,
  `nume_ns` char(30) NOT NULL,
  `eticheta_ns` char(30) NOT NULL,
  `ordine` int(9) NOT NULL DEFAULT 0,
  `dep` tinyint(4) NOT NULL
) ENGINE=InnoDB DEFAULT CHARSET=utf8 COLLATE=utf8_general_ci;

--
-- Dumping data for table `nivele_seri`
--

INSERT INTO `nivele_seri` (`id_ns`, `ordin`, `nume_ns`, `eticheta_ns`, `ordine`, `dep`) VALUES
(436, 0, '211/1', '211/1', 1, 1),
(437, 0, '211/2', '211/2', 2, 1),
(438, 0, '212/1', '212/1', 3, 1),
(439, 0, '212/2', '212/2', 4, 1),
(440, 0, '213/1', '213/1', 5, 1),
(441, 0, '213/2', '213/2', 6, 1),
(442, 0, '214/1', '214/1', 8, 1),
(443, 0, '214/2', '214/2', 9, 1),
(444, 0, '215/1', '215/1', 10, 1),
(445, 0, '216/1', '216/1', 12, 1),
(446, 0, '216/2', '216/2', 13, 1),
(447, 0, '217/1', '217/1', 14, 1),
(448, 0, '221/1', '221/1', 16, 1),
(449, 0, '221/2', '221/2', 17, 1),
(450, 0, '222/1', '222/1', 18, 1),
(451, 0, '222/2', '222/2', 19, 1),
(452, 0, '223/1', '223/1', 20, 1),
(453, 0, '223/2', '223/2', 21, 1),
(454, 0, '224/1', '224/1', 22, 1),
(455, 0, '224/2', '224/2', 23, 1),
(456, 0, '225/1', '225/1', 24, 1),
(457, 0, '225/2', '225/2', 25, 1),
(458, 0, '231/1', '231/1', 27, 1),
(459, 0, '231/2', '231/2', 28, 1),
(460, 0, '232/1', '232/1', 29, 1),
(461, 0, '232/2', '232/2', 30, 1),
(462, 0, '233/1', '233/1', 31, 1),
(463, 0, '233/2', '233/2', 33, 1),
(464, 0, '234/1', '234/1', 34, 1),
(465, 0, '241/1', '241/1', 35, 1),
(466, 0, '241/2', '241/2', 36, 1),
(467, 0, '241/3', '241/3', 37, 1),
(468, 0, '242/1', '242/1', 38, 1),
(469, 0, '242/2', '242/2', 40, 1),
(470, 0, '242/3', '242/3', 41, 1),
(471, 0, '243/1', '243/1', 42, 1),
(472, 0, '243/2', '243/2', 43, 1),
(473, 0, '244/1', '244/1', 50, 1),
(474, 0, '244/2', '244/2', 51, 1),
(475, 0, 'mACS_I_sgr1', 'mACS_I_sgr1', 52, 1),
(476, 0, 'mACS_II_sgr1', 'mACS_II_sgr1', 53, 1),
(477, 0, 'mES_I_sgr1', 'mES_I_sgr1', 54, 1),
(478, 0, 'mES_II_sgr1', 'mES_II_sgr1', 55, 1),
(479, 0, 'mICAI_I_sgr1', 'mICAI_I_sgr1', 60, 1),
(480, 0, 'mICAI_II_sgr1', 'mICAI_II_sgr1', 61, 1),
(481, 0, '311/1', '311/1', 62, 1),
(482, 0, '311/2', '311/2', 63, 1),
(483, 0, '312/1', '312/1', 64, 1),
(484, 0, '312/2', '312/2', 65, 1),
(485, 0, '321/1', '321/1', 66, 1),
(486, 0, '322/1', '322/1', 67, 1),
(487, 0, '331/1', '331/1', 68, 1),
(488, 0, '332/1', '332/1', 70, 1),
(489, 0, '332/2', '332/2', 71, 1),
(490, 0, '341/1', '341/1', 72, 1),
(491, 0, '341/2', '341/2', 73, 1),
(492, 0, '342/1', '342/1', 75, 1),
(493, 0, '342/2', '342/2', 76, 1),
(506, 0, 'mAAIE_I_sgr1', 'mAAIE_I_sgr1', 77, 1),
(507, 0, 'mAAIE_II_sgr1', 'mAAIE_II_sgr1', 78, 1),
(508, 1, '211', '211', 1, 1),
(509, 1, '212', '212', 2, 1),
(510, 1, '213', '213', 3, 1),
(511, 1, '214', '214', 4, 1),
(512, 1, '215', '215', 5, 1),
(513, 1, '216', '216', 6, 1),
(514, 1, '217', '217', 7, 1),
(515, 1, '221', '221', 8, 1),
(516, 1, '222', '222', 9, 1),
(517, 1, '223', '223', 10, 1),
(518, 1, '224', '224', 11, 1),
(519, 1, '225', '225', 12, 1),
(520, 1, '231', '231', 13, 1),
(521, 1, '232', '232', 14, 1),
(522, 1, '233', '233', 15, 1),
(523, 1, '234', '234', 16, 1),
(524, 1, '241', '241', 17, 1),
(525, 1, '242', '242', 18, 1),
(526, 1, '243', '243', 19, 1),
(527, 1, '244', '244', 20, 1),
(528, 1, 'mACS_I_gr1', 'mACS_I_gr1', 25, 1),
(529, 1, 'mACS_II_gr1', 'mACS_II_gr1', 26, 1),
(530, 1, 'mES_I_gr1', 'mES_I_gr1', 27, 1),
(531, 1, 'mES_II_gr1', 'mES_II_gr1', 28, 1),
(532, 1, 'mICAI_I_gr1', 'mICAI_I_gr1', 29, 1),
(533, 1, 'mICAI_II_gr1', 'mICAI_II_gr1', 30, 1),
(534, 1, '311', '311', 31, 1),
(535, 1, '312', '312', 32, 1),
(536, 1, '321', '321', 33, 1),
(537, 1, '322', '322', 34, 1),
(538, 1, '331', '331', 35, 1),
(539, 1, '332', '332', 36, 1),
(540, 1, '341', '341', 37, 1),
(541, 1, '342', '342', 38, 1),
(542, 1, 'mAAIE_I_gr1', 'mAAIE_I_gr1', 39, 1),
(543, 1, 'mAAIE_II_gr1', 'mAAIE_II_gr1', 40, 1),
(544, 2, 'An_I_C', 'An_I_C', 1, 1),
(545, 2, 'An_I_TI', 'An_I_TI', 2, 1),
(546, 2, 'An_I_ISM', 'An_I_ISM', 3, 1),
(547, 2, 'An_II_C', 'An_II_C', 4, 1),
(548, 2, 'An_II_TI', 'An_II_TI', 5, 1),
(549, 2, 'An_II_ISM', 'An_II_ISM', 6, 1),
(550, 2, 'An_III_C', 'An_III_C', 7, 1),
(551, 2, 'An_III_TI', 'An_III_TI', 8, 1),
(552, 2, 'An_III_ISM', 'An_III_ISM', 9, 1),
(553, 2, 'An_IV_C', 'An_IV_C', 10, 1),
(554, 2, 'An_IV_TI', 'An_IV_TI', 11, 1),
(555, 2, 'An_IV_ISM', 'An_IV_ISM', 12, 1),
(556, 2, 'An_I_mACS', 'An_I_mACS', 15, 1),
(557, 2, 'An_II_mACS', 'An_II_mACS', 16, 1),
(558, 2, 'An_I_mES', 'An_I_mES', 17, 1),
(559, 2, 'An_II_mES', 'An_II_mES', 18, 1),
(560, 2, 'An_I_mICAI', 'An_I_mICAI', 19, 1),
(561, 2, 'An_II_mICAI', 'An_II_mICAI', 20, 1),
(562, 2, 'An_I_EM', 'An_I_EM', 25, 1),
(563, 2, 'An_I_EA', 'An_I_EA', 26, 1),
(564, 2, 'An_II_EM', 'An_II_EM', 27, 1),
(565, 2, 'An_II_EA', 'An_II_EA', 28, 1),
(566, 2, 'An_III_EM', 'An_III_EM', 29, 1),
(567, 2, 'An_III_EA', 'An_III_EA', 30, 1),
(568, 2, 'An_IV_EM', 'An_IV_EM', 31, 1),
(569, 2, 'An_IV_EA', 'An_IV_EA', 32, 1),
(570, 2, 'An_I_mAAIE', 'An_I_mAAIE', 35, 1),
(571, 2, 'An_II_mAAIE', 'An_II_mAAIE', 36, 1),
(572, 3, 'CALCULATOARE', 'CALCULATOARE', 1, 1),
(573, 3, 'TI', 'TI', 2, 1),
(574, 3, 'ISM', 'ISM', 3, 1),
(575, 3, 'mACSe', 'mACSe', 4, 1),
(576, 3, 'mESe', 'mESe', 5, 1),
(577, 3, 'mICAI', 'mICAI', 6, 1),
(578, 3, 'EM', 'EM', 7, 1),
(579, 3, 'EA', 'EA', 8, 1),
(580, 3, 'mAAIE', 'mAAIE', 9, 1),
(581, 0, '113/1', '113/1', 1, 3),
(582, 0, '113/2', '113/2', 2, 3),
(583, 0, '114/1', '114/1', 3, 3),
(584, 0, '114/2', '114/2', 4, 3),
(585, 0, '115/1', '115/1', 5, 3),
(586, 0, '116/1', '116/1', 6, 3),
(587, 0, '116/2', '116/2', 7, 3),
(588, 0, '117/1', '117/1', 8, 3),
(589, 0, '118/1', '118/1', 9, 3),
(590, 0, '413/1', '413/1', 10, 3),
(591, 0, '122/1', '122/1', 11, 3),
(592, 0, '123/1', '123/1', 12, 3),
(593, 0, '123/2', '123/2', 13, 3),
(594, 0, '123/3', '123/3', 14, 3),
(595, 0, '124/1', '124/1', 15, 3),
(596, 0, '124/2', '124/2', 16, 3),
(597, 0, '125/1', '125/1', 17, 3),
(598, 0, '422/1', '422/1', 18, 3),
(599, 0, '132/1', '132/1', 19, 3),
(600, 0, '133/1', '133/1', 20, 3),
(601, 0, '133/2', '133/2', 21, 3),
(602, 0, '134/1', '134/1', 22, 3),
(603, 0, '135/1', '135/1', 23, 3),
(604, 0, '432/1', '432/1', 24, 3),
(605, 0, '142/1', '142/1', 25, 3),
(606, 0, '143/1', '143/1', 26, 3),
(607, 0, '143/2', '143/2', 27, 3),
(608, 0, '144/1', '144/1', 28, 3),
(609, 0, '145/1', '145/1', 29, 3),
(610, 0, '442/1', '442/1', 30, 3),
(611, 0, '641/1', '641/1', 33, 3),
(612, 0, 'mSCCC_I_sgr1', 'mSCCC_I_sgr1', 35, 3),
(613, 0, 'mSCCC_II_sgr1', 'mSCCC_II_sgr1', 36, 3),
(614, 0, 'mSMA_I_sgr1', 'mSMA_I_sgr1', 37, 3),
(615, 0, 'mSMA_II_sgr1', 'mSMA_II_sgr1', 38, 3),
(616, 1, '113', '113', 1, 3),
(617, 1, '114', '114', 2, 3),
(618, 1, '115', '115', 3, 3),
(619, 1, '116', '116', 4, 3),
(620, 1, '117', '117', 5, 3),
(621, 1, '118', '118', 6, 3),
(622, 1, '413', '413', 7, 3),
(623, 1, '122', '122', 8, 3),
(624, 1, '123', '123', 10, 3),
(625, 1, '124', '124', 11, 3),
(626, 1, '125', '125', 12, 3),
(627, 1, '422', '422', 13, 3),
(628, 1, '132', '132', 14, 3),
(629, 1, '133', '133', 15, 3),
(630, 1, '134', '134', 16, 3),
(631, 1, '135', '135', 17, 3),
(632, 1, '432', '432', 18, 3),
(633, 1, '142', '142', 19, 3),
(634, 1, '143', '143', 20, 3),
(635, 1, '144', '144', 21, 3),
(636, 1, '145', '145', 22, 3),
(637, 0, '442/2', '442/2', 31, 3),
(638, 1, '442', '442', 23, 3),
(639, 1, '641', '641', 24, 3),
(640, 1, 'mSCCC_I_gr1', 'mSCCC_I_gr1', 30, 3),
(641, 1, 'mSCCC_II_gr1', 'mSCCC_II_gr1', 31, 3),
(642, 1, 'mSMA_I_gr1', 'mSMA_I_gr1', 32, 3),
(643, 1, 'mSMA_II_gr1', 'mSMA_II_gr1', 33, 3),
(644, 2, 'An_I_SPD', 'An_I_SPD', 1, 3),
(645, 2, 'An_I_Mec', 'An_I_Mec', 2, 3),
(646, 2, 'An_I_R', 'An_I_R', 3, 3),
(647, 2, 'An_I_Mec(EN)', 'An_I_Mec(EN)', 4, 3),
(648, 2, 'An_I_IEI', 'An_I_IEI', 5, 3),
(649, 2, 'An_II_SPD', 'An_II_SPD', 7, 3),
(650, 2, 'An_II_Mec', 'An_II_Mec', 8, 3),
(651, 2, 'An_II_R', 'An_II_R', 9, 3),
(652, 2, 'An_II_Mec(EN)', 'An_II_Mec(EN)', 10, 3),
(653, 2, 'An_II_IEI', 'An_II_IEI', 11, 3),
(654, 2, 'An_III_SPD', 'An_III_SPD', 15, 3),
(655, 2, 'An_III_Mec', 'An_III_Mec', 16, 3),
(656, 2, 'An_III_R', 'An_III_R', 17, 3),
(657, 2, 'An_III_Mec(EN)', 'An_III_Mec(EN)', 18, 3),
(658, 2, 'An_III_IEI', 'An_III_IEI', 19, 3),
(659, 2, 'An_IV_SPD', 'An_IV_SPD', 20, 3),
(660, 2, 'An_IV_Mec', 'An_IV_Mec', 21, 3),
(661, 2, 'An_IV_R', 'An_IV_R', 22, 3),
(662, 2, 'An_IV_Mec(EN)', 'An_IV_Mec(EN)', 23, 3),
(663, 2, 'An_IV_IEI', 'An_IV_IEI', 24, 3),
(664, 2, 'An_IV_TTC', 'An_IV_TTC', 25, 3),
(665, 2, 'An_I_mSCCC', 'An_I_mSCCC', 26, 3),
(666, 2, 'An_II_mSCCC', 'An_II_mSCCC', 27, 3),
(667, 2, 'An_I_mSMA', 'An_I_mSMA', 28, 3),
(668, 2, 'An_II_mSMA', 'An_II_mSMA', 29, 3),
(669, 3, 'Mec', 'Mec', 1, 3),
(670, 3, 'Mec (EN)', 'Mec (EN)', 2, 3),
(671, 3, 'Robo', 'Robo', 3, 3),
(672, 3, 'SPD', 'SPD', 4, 3),
(673, 3, 'IEI', 'IEI', 5, 3),
(674, 3, 'TTC', 'TTC', 6, 3),
(675, 3, 'mSCCC', 'mSCCC', 8, 3),
(676, 3, 'mSMA', 'mSMA', 9, 3),
(677, 0, '111/1', '111/1', 1, 2),
(678, 0, '111/2', '111/2', 2, 2),
(679, 0, '112/1', '112/1', 3, 2),
(680, 0, '112/2', '112/2', 4, 2),
(681, 0, '411/1', '411/1', 5, 2),
(682, 0, '411/2', '411/2', 6, 2),
(683, 0, '412/1', '412/1', 7, 2),
(684, 0, '414/1', '414/1', 8, 2),
(685, 0, '414/2', '414/2', 9, 2),
(686, 0, '511/1', '511/1', 15, 2),
(688, 0, '512/1', '512/1', 17, 2),
(690, 0, '121/1', '121/1', 19, 2),
(691, 0, '121/2', '121/2', 20, 2),
(692, 0, '121/3', '121/3', 21, 2),
(693, 0, '421/1', '421/1', 22, 2),
(694, 0, '421/2', '421/2', 23, 2),
(695, 0, '423/1', '423/1', 24, 2),
(696, 0, '521/1', '521/1', 25, 2),
(697, 0, '522/1', '522/1', 26, 2),
(698, 0, '522/2', '522/2', 27, 2),
(699, 0, '131/1', '131/1', 30, 2),
(700, 0, '131/2', '131/2', 31, 2),
(701, 0, '431/1', '431/1', 32, 2),
(702, 0, '431/2', '431/2', 33, 2),
(703, 0, '433/1', '433/1', 34, 2),
(704, 0, '531/1', '531/1', 35, 2),
(705, 0, '141/1', '141/1', 36, 2),
(706, 0, '141/2', '141/2', 37, 2),
(707, 0, '441/1', '441/1', 38, 2),
(708, 0, '441/2', '441/2', 39, 2),
(709, 0, '441/3', '441/3', 40, 2),
(710, 0, '443/1', '443/1', 45, 2),
(711, 0, '541/1', '541/1', 46, 2),
(712, 0, '542/1', '542/1', 47, 2),
(713, 0, 'mMAI_I_sgr1', 'mMAI_I_sgr1', 50, 2),
(714, 0, 'mMAI_II_sgr1', 'mMAI_II_sgr1', 51, 2),
(715, 0, 'mMP_I_sgr1', 'mMP_I_sgr1', 52, 2),
(716, 0, 'mMP_II_sgr1', 'mMP_II_sgr1', 53, 2),
(717, 0, 'mMC_I_sgr1', 'mMC_I_sgr1', 54, 2),
(718, 0, 'mMC_II_sgr1', 'mMC_II_sgr1', 55, 2),
(719, 0, 'mIMGN_I_sgr1', 'mIMGN_I_sgr1', 56, 2),
(720, 0, 'mIMGN_II_sgr1', 'mIMGN_II_sgr1', 57, 2),
(721, 0, 'mLI_I_sgr1', 'mLI_I_sgr1', 58, 2),
(722, 0, 'mLI_II_sgr1', 'mLI_II_sgr1', 59, 2),
(723, 0, 'mSTIF_I_sgr1', 'mSTIF_I_sgr1', 60, 2),
(724, 0, 'mSTIF_II_sgr1', 'mSTIF_II_sgr1', 61, 2),
(725, 1, '111', '111', 1, 2),
(726, 1, '112', '112', 2, 2),
(727, 1, '411', '411', 3, 2),
(728, 1, '412', '412', 4, 2),
(729, 1, '414', '414', 5, 2),
(730, 1, '511', '511', 6, 2),
(731, 1, '512', '512', 7, 2),
(732, 1, '121', '121', 8, 2),
(733, 1, '421', '421', 9, 2),
(734, 1, '423', '423', 10, 2),
(735, 1, '521', '521', 11, 2),
(736, 1, '522', '522', 12, 2),
(737, 1, '131', '131', 13, 2),
(738, 1, '431', '431', 15, 2),
(739, 1, '433', '433', 16, 2),
(740, 1, '531', '531', 17, 2),
(741, 1, '141', '141', 18, 2),
(742, 1, '441', '441', 19, 2),
(743, 1, '443', '443', 20, 2),
(744, 1, '541', '541', 21, 2),
(745, 1, '542', '542', 22, 2),
(746, 1, 'mMAI_I_gr1', 'mMAI_I_gr1', 30, 2),
(747, 1, 'mMAI_II_gr1', 'mMAI_II_gr1', 31, 2),
(748, 1, 'mMP_I_gr1', 'mMP_I_gr1', 32, 2),
(749, 1, 'mMP_II_gr1', 'mMP_II_gr1', 33, 2),
(750, 1, 'mMC_I_gr1', 'mMC_I_gr1', 34, 2),
(751, 1, 'mMC_II_gr1', 'mMC_II_gr1', 35, 2),
(752, 1, 'mIMGN_I_gr1', 'mIMGN_I_gr1', 36, 2),
(753, 1, 'mIMGN_II_gr1', 'mIMGN_II_gr1', 37, 2),
(754, 1, 'mLI_I_gr1', 'mLI_I_gr1', 38, 2),
(755, 1, 'mLI_II_gr1', 'mLI_II_gr1', 39, 2),
(756, 1, 'mSTIF_I_gr1', 'mSTIF_I_gr1', 40, 2),
(757, 1, 'mSTIF_II_gr1', 'mSTIF_II_gr1', 41, 2),
(758, 2, 'An_I_TCM', 'An_I_TCM', 1, 2),
(759, 2, 'An_I_IEDM', 'An_I_IEDM', 2, 2),
(760, 2, 'An_I_ITT', 'An_I_ITT', 3, 2),
(761, 2, 'An_I_IPMI', 'An_I_IPMI', 4, 2),
(762, 2, 'An_I_TDDH', 'An_I_TDDH', 5, 2),
(763, 2, 'An_II_TCM', 'An_II_TCM', 6, 2),
(764, 2, 'An_II_IEDM', 'An_II_IEDM', 7, 2),
(765, 2, 'An_II_ITT', 'An_II_ITT', 8, 2),
(766, 2, 'An_II_IPMI', 'An_II_IPMI', 9, 2),
(767, 2, 'An_II_TDDH', 'An_II_TDDH', 10, 2),
(768, 2, 'An_III_TCM', 'An_III_TCM', 11, 2),
(769, 2, 'An_III_IEDM', 'An_III_IEDM', 12, 2),
(770, 2, 'An_III_ITT', 'An_III_ITT', 13, 2),
(771, 2, 'An_III_TDDH', 'An_III_TDDH', 14, 2),
(772, 2, 'An_IV_TCM', 'An_IV_TCM', 15, 2),
(773, 2, 'An_IV_IEDM', 'An_IV_IEDM', 16, 2),
(774, 2, 'An_IV_ITT', 'An_IV_ITT', 17, 2),
(775, 2, 'An_IV_IPMI', 'An_IV_IPMI', 18, 2),
(776, 2, 'An_IV_TDDH', 'An_IV_TDDH', 19, 2),
(777, 2, 'An_I_mMAI', 'An_I_mMAI', 30, 2),
(778, 2, 'An_II_mMAI', 'An_II_mMAI', 31, 2),
(779, 2, 'An_I_mMP', 'An_I_mMP', 32, 2),
(780, 2, 'An_II_mMP', 'An_II_mMP', 33, 2),
(781, 2, 'An_I_mMC', 'An_I_mMC', 34, 2),
(782, 2, 'An_II_mMC', 'An_II_mMC', 35, 2),
(783, 2, 'An_I_mIMGN', 'An_I_mIMGN', 36, 2),
(784, 2, 'An_II_mIMGN', 'An_II_mIMGN', 37, 2),
(785, 2, 'An_I_mLI', 'An_I_mLI', 38, 2),
(786, 2, 'An_II_mLI', 'An_II_mLI', 39, 2),
(787, 2, 'An_I_mSTIF', 'An_I_mSTIF', 40, 2),
(788, 2, 'An_II_mSTIF', 'An_II_mSTIF', 41, 2),
(789, 3, 'TCM', 'TCM', 1, 2),
(790, 3, 'IEDM', 'IEDM', 2, 2),
(791, 3, 'ITT', 'ITT', 4, 2),
(792, 3, 'IPMI', 'IPMI', 3, 2),
(793, 3, 'TDDH', 'TDDH', 5, 2),
(794, 3, 'mMAI', 'mMAI', 6, 2),
(795, 3, 'mMP', 'mMP', 7, 2),
(796, 3, 'mMC', 'mMC', 8, 2),
(797, 3, 'mIMGN', 'mIMGN', 9, 2),
(798, 3, 'mLI', 'mLI', 10, 2),
(799, 3, 'mSTIF', 'mSTIF', 11, 2),
(800, 9, 'I TCM + I SPD', 'I TCM + I SPD', 0, 2),
(801, 9, 'II TCM + II SPD', 'II TCM + II SPD', 0, 2),
(802, 9, 'MEC_I+R_I', 'MEC_I+R_I', 0, 3),
(803, 9, 'MEC_II+R_II', 'MEC_II+R_II', 0, 3),
(804, 9, 'I IEDM+I IEI', 'I IEDM+I IEI', 0, 2),
(805, 9, 'I IEDM+I IEI+I ITT', 'I IEDM+I IEI+I ITT', 0, 2),
(806, 9, 'I IEDM+I ITT', 'I IEDM+I ITT', 0, 2),
(807, 9, 'I IPMI+I TDDH', 'I IPMI + I TDDH', 0, 2),
(808, 9, 'II IEDM+II IEI', 'II IEDM+II IEI', 0, 2),
(809, 9, 'II IPMI+II TDDH', 'II IPMI+II TDDH', 0, 2),
(811, 9, 'MEC(EN)_II+R_II', 'MEC(EN)_II+R_II', 0, 3),
(812, 9, 'II IPMI+II TDDH+II ITT', 'II IPMI+II TDDH+II ITT', 0, 2),
(813, 9, 'III IEDM+III IEI', 'III IEDM+III IEI', 0, 2),
(814, 9, 'MEC_I+MEC(EN)_I', 'MEC_I+MEC(EN)_I', 0, 3),
(815, 9, 'An_I_TI+An_I_ISM', 'An_I_TI+An_I_ISM', 0, 1),
(816, 9, 'Gr215+217', 'Gr215+217', 0, 1),
(817, 9, 'MEC_II+MEC(EN)_II', 'MEC_II+MEC(EN)_II', 0, 3),
(818, 9, 'R_II+IEI_II', 'R_II+IEI_II', 0, 3),
(819, 9, '115+117', '115+117', 0, 3),
(820, 9, 'An_II_TI+ISM', 'An_II_TI+ISM', 0, 1),
(821, 0, 'CISCO', 'CISCO', 80, 1),
(822, 9, 'II IPMI+II ITT', 'II IPMI+II ITT', 0, 2),
(823, 0, 'Tutoriat/Consultaii', 'Tutoriat/Consultaii', 81, 1),
(824, 0, 'Consultatii/Tutoriat', 'Consultatii/Tutoriat', 62, 2),
(825, 0, 'Consultatii/Tutoriat', 'Consultatii/Tutoriat', 40, 3),
(826, 9, 'II_IEDM+II_IEI', 'II_IEDM+II_IEI', 0, 3),
(827, 9, '412+413', '412+413', 0, 3),
(828, 9, 'I_IEDM+I_IEI', 'I_IEDM+I_IEI', 0, 3),
(829, 9, 'I_IEDM+I_IEI+I_ITT', 'I_IEDM+I_IEI+I_ITT', 0, 3),
(830, 9, 'III_IEDM+III_IEI', 'III_IEDM+III_IEI', 0, 3),
(831, 9, 'IV_IEDM+IV_IEI', 'IV_IEDM+IV_IEI', 0, 3),
(832, 9, 'II TCM+IISPD+II MEC+II RO+II M', 'II TCM+IISPD+II MEC+II RO+II M', 0, 2);

-- --------------------------------------------------------

--
-- Table structure for table `note`
--

CREATE TABLE `note` (
  `id_nota` int(11) NOT NULL,
  `id_student` int(11) NOT NULL,
  `id_materie` int(11) NOT NULL,
  `nota` float NOT NULL
) ENGINE=InnoDB DEFAULT CHARSET=utf8mb4 COLLATE=utf8mb4_general_ci;

--
-- Dumping data for table `note`
--

INSERT INTO `note` (`id_nota`, `id_student`, `id_materie`, `nota`) VALUES
(1, 14, 30, 8),
(2, 15, 30, 10),
(3, 17, 30, 8);

-- --------------------------------------------------------

--
-- Table structure for table `notificatii`
--

CREATE TABLE `notificatii` (
  `id_notificatie` int(5) NOT NULL,
  `notificatie` varchar(500) NOT NULL
) ENGINE=InnoDB DEFAULT CHARSET=utf8 COLLATE=utf8_general_ci;

-- --------------------------------------------------------

--
-- Table structure for table `on0`
--

CREATE TABLE `on0` (
  `id_on0` int(10) NOT NULL,
  `id_orar` int(10) NOT NULL DEFAULT 0,
  `id_nivel0` int(10) NOT NULL DEFAULT 0
) ENGINE=InnoDB DEFAULT CHARSET=latin1 COLLATE=latin1_swedish_ci;

--
-- Dumping data for table `on0`
--

INSERT INTO `on0` (`id_on0`, `id_orar`, `id_nivel0`) VALUES
(17846, 7951, 599),
(17847, 7952, 599),
(17848, 7953, 599),
(18996, 7954, 599),
(17850, 7955, 599),
(17852, 7956, 599),
(17853, 7957, 599),
(17854, 7958, 599),
(20219, 7959, 599),
(17856, 7960, 599),
(17857, 7961, 599),
(18753, 7962, 599),
(17859, 7963, 599),
(17860, 7964, 599),
(17861, 7965, 599),
(17862, 7966, 605),
(17863, 7967, 605),
(20377, 7968, 605),
(19732, 7969, 605),
(20309, 7970, 605),
(18757, 7971, 605),
(17868, 7972, 605),
(20413, 7973, 605),
(17870, 7974, 605),
(17871, 7975, 605),
(17872, 7976, 605),
(17873, 7977, 605),
(17874, 7978, 603),
(17875, 7979, 603),
(17876, 7980, 603),
(17877, 7981, 603),
(20310, 7982, 603),
(17879, 7983, 603),
(17880, 7984, 603),
(17881, 7985, 603),
(17882, 7986, 603),
(17883, 7987, 603),
(17884, 7988, 603),
(18311, 7989, 603),
(17886, 7990, 603),
(17887, 7991, 603),
(17888, 7992, 603),
(20000, 7993, 603),
(19999, 7994, 603),
(17891, 7995, 609),
(17892, 7996, 609),
(17893, 7997, 609),
(17894, 7998, 609),
(17895, 7999, 609),
(20233, 8000, 609),
(17897, 8001, 609),
(20360, 8002, 609),
(20361, 8003, 609),
(20453, 8004, 609),
(17901, 8005, 609),
(17902, 8006, 609),
(18756, 8007, 609),
(17904, 8008, 701),
(17905, 8008, 702),
(17910, 8011, 701),
(17911, 8011, 702),
(17916, 8014, 701),
(17917, 8014, 702),
(17918, 8015, 701),
(17919, 8015, 702),
(20181, 8016, 701),
(20182, 8016, 702),
(17922, 8017, 701),
(17923, 8018, 702),
(17925, 8019, 701),
(17926, 8020, 702),
(20402, 8021, 701),
(20416, 8022, 702),
(17929, 8023, 702),
(17930, 8024, 701),
(17931, 8025, 702),
(17932, 8026, 701),
(17933, 8027, 699),
(17934, 8028, 700),
(17935, 8029, 699),
(17936, 8030, 700),
(17937, 8031, 699),
(17938, 8032, 700),
(17939, 8033, 699),
(17940, 8034, 700),
(17941, 8035, 699),
(17942, 8036, 700),
(17943, 8037, 699),
(17944, 8038, 700),
(17945, 8039, 700),
(17946, 8040, 699),
(20177, 8041, 700),
(17948, 8042, 699),
(17949, 8043, 699),
(17950, 8043, 700),
(17951, 8044, 600),
(17952, 8044, 601),
(17953, 8045, 602),
(17954, 8046, 699),
(17955, 8046, 700),
(17956, 8047, 699),
(17957, 8047, 700),
(17958, 8048, 699),
(17959, 8048, 700),
(18755, 8049, 602),
(17961, 8050, 699),
(17962, 8050, 700),
(17963, 8051, 699),
(17964, 8051, 700),
(17965, 8052, 699),
(17966, 8052, 700),
(17967, 8053, 703),
(17968, 8054, 703),
(20467, 8055, 703),
(17971, 8056, 703),
(20238, 8057, 703),
(20239, 8058, 703),
(20391, 8059, 703),
(19940, 8060, 703),
(20001, 8061, 703),
(20302, 8062, 600),
(20303, 8062, 601),
(17979, 8063, 703),
(17980, 8064, 600),
(17981, 8064, 601),
(17982, 8065, 602),
(17983, 8066, 602),
(17984, 8067, 600),
(17985, 8067, 601),
(17986, 8068, 600),
(17987, 8068, 601),
(20390, 8069, 703),
(20477, 8070, 600),
(20478, 8070, 601),
(20479, 8071, 602),
(20392, 8072, 703),
(17998, 8073, 703),
(17994, 8074, 703),
(20487, 8075, 703),
(17997, 8076, 703),
(20497, 8077, 710),
(19620, 8078, 710),
(19621, 8079, 710),
(19582, 8080, 710),
(19583, 8081, 710),
(20381, 8082, 710),
(18005, 8083, 710),
(20393, 8084, 710),
(20237, 8085, 710),
(20400, 8086, 710),
(18009, 8087, 710),
(18010, 8088, 710),
(19579, 8089, 710),
(20494, 8090, 710),
(18014, 8091, 711),
(18015, 8092, 711),
(20428, 8093, 711),
(18018, 8094, 711),
(19731, 8095, 711),
(20311, 8096, 711),
(20306, 8097, 711),
(18023, 8098, 711),
(20308, 8099, 711),
(19988, 8100, 711),
(19925, 8101, 711),
(20307, 8102, 711),
(20424, 8103, 711),
(18029, 8104, 707),
(18030, 8104, 708),
(18031, 8104, 709),
(18032, 8105, 707),
(18033, 8105, 708),
(18034, 8105, 709),
(18035, 8106, 707),
(18036, 8106, 708),
(18037, 8106, 709),
(19573, 8107, 707),
(19574, 8107, 708),
(19575, 8107, 709),
(18041, 8108, 707),
(18042, 8108, 708),
(18043, 8108, 709),
(18044, 8109, 707),
(18045, 8109, 708),
(18046, 8109, 709),
(18047, 8110, 707),
(18048, 8110, 708),
(18049, 8110, 709),
(19913, 8111, 707),
(18051, 8112, 708),
(18052, 8113, 709),
(18053, 8114, 709),
(18054, 8115, 707),
(18055, 8116, 708),
(18056, 8117, 708),
(18057, 8118, 709),
(18058, 8119, 707),
(18061, 8120, 707),
(18060, 8121, 708),
(18062, 8122, 709),
(18063, 8123, 709),
(18064, 8124, 707),
(18065, 8125, 708),
(18066, 8126, 705),
(18067, 8126, 706),
(20414, 8127, 705),
(20415, 8127, 706),
(18070, 8128, 705),
(18071, 8128, 706),
(18072, 8129, 705),
(18073, 8129, 706),
(20131, 8130, 705),
(20132, 8130, 706),
(18076, 8131, 705),
(18077, 8132, 706),
(18078, 8133, 706),
(18079, 8134, 705),
(18080, 8135, 705),
(18081, 8136, 706),
(20330, 8137, 706),
(20329, 8138, 705),
(18084, 8139, 705),
(19911, 8140, 706),
(18086, 8141, 706),
(18087, 8142, 705),
(18088, 8143, 705),
(18089, 8144, 706),
(18090, 8145, 706),
(18091, 8146, 705),
(18092, 8147, 600),
(18093, 8147, 601),
(18094, 8148, 602),
(20472, 8149, 602),
(20470, 8150, 600),
(20471, 8150, 601),
(18098, 8151, 600),
(18099, 8152, 601),
(18100, 8153, 602),
(18101, 8154, 600),
(18102, 8155, 601),
(18103, 8156, 601),
(18315, 8157, 600),
(18105, 8158, 602),
(18106, 8159, 602),
(18107, 8160, 600),
(18108, 8161, 601),
(18109, 8162, 601),
(18110, 8163, 600),
(18111, 8164, 602),
(18112, 8165, 602),
(18113, 8166, 600),
(18114, 8167, 601),
(18115, 8168, 601),
(18314, 8169, 600),
(18312, 8170, 602),
(18313, 8171, 602),
(20481, 8172, 600),
(20482, 8173, 601),
(20396, 8174, 602),
(18123, 8175, 602),
(18124, 8176, 606),
(18125, 8176, 607),
(18126, 8177, 608),
(18127, 8178, 608),
(18128, 8179, 606),
(18129, 8179, 607),
(18130, 8180, 606),
(18131, 8180, 607),
(18132, 8181, 608),
(20441, 8182, 608),
(20439, 8183, 606),
(20440, 8183, 607),
(18136, 8184, 606),
(18137, 8184, 607),
(18138, 8185, 608),
(20220, 8186, 608),
(18140, 8187, 606),
(18141, 8187, 607),
(20318, 8188, 606),
(18144, 8189, 607),
(18145, 8190, 608),
(20451, 8191, 608),
(20449, 8192, 606),
(20450, 8193, 607),
(18149, 8194, 606),
(18150, 8195, 607),
(18151, 8196, 608),
(20460, 8197, 606),
(20459, 8198, 607),
(18154, 8199, 608),
(18155, 8200, 608),
(20452, 8201, 606),
(18157, 8202, 607),
(18158, 8203, 607),
(20359, 8204, 606),
(18160, 8205, 608),
(18161, 8206, 608),
(20316, 8207, 606),
(18163, 8208, 607),
(18165, 8209, 704),
(18167, 8210, 704),
(18168, 8211, 704),
(18169, 8212, 704),
(18170, 8213, 704),
(18172, 8214, 704),
(18173, 8215, 704),
(18174, 8216, 704),
(18175, 8217, 704),
(18176, 8218, 704),
(18177, 8219, 704),
(18178, 8220, 704),
(18179, 8221, 704),
(18180, 8222, 704),
(18181, 8223, 704),
(18182, 8224, 704),
(18183, 8225, 704),
(18983, 8226, 712),
(18185, 8227, 712),
(18187, 8228, 590),
(18188, 8228, 683),
(18189, 8229, 590),
(20499, 8230, 590),
(18309, 8231, 590),
(20446, 8232, 590),
(18193, 8233, 590),
(18194, 8234, 590),
(19746, 8235, 590),
(20248, 8236, 590),
(18199, 8237, 590),
(18200, 8237, 681),
(18201, 8237, 682),
(18202, 8237, 683),
(18203, 8238, 590),
(18204, 8238, 681),
(18205, 8238, 682),
(18206, 8238, 683),
(18207, 8239, 590),
(18208, 8239, 681),
(18209, 8239, 682),
(18210, 8239, 683),
(18211, 8239, 684),
(18212, 8239, 685),
(19751, 8240, 590),
(18214, 8241, 590),
(18215, 8242, 590),
(18216, 8243, 598),
(18217, 8243, 693),
(18218, 8243, 694),
(18219, 8244, 598),
(18220, 8244, 693),
(18221, 8244, 694),
(18222, 8245, 598),
(18223, 8245, 693),
(18224, 8245, 694),
(18225, 8246, 598),
(18226, 8247, 598),
(18227, 8248, 598),
(18231, 8249, 598),
(18232, 8250, 598),
(18233, 8251, 598),
(18236, 8252, 598),
(18237, 8253, 598),
(18238, 8254, 598),
(18239, 8255, 598),
(18240, 8256, 604),
(18241, 8257, 604),
(20437, 8258, 604),
(18243, 8259, 604),
(18244, 8259, 701),
(18245, 8259, 702),
(18246, 8260, 604),
(18247, 8260, 701),
(18248, 8260, 702),
(18249, 8261, 604),
(18250, 8261, 701),
(18251, 8261, 702),
(18252, 8262, 604),
(18253, 8262, 701),
(18254, 8262, 702),
(20412, 8263, 604),
(18256, 8264, 604),
(18257, 8265, 604),
(18258, 8266, 604),
(18259, 8267, 604),
(18260, 8268, 604),
(20438, 8269, 604),
(18269, 8270, 610),
(18270, 8270, 637),
(18271, 8271, 610),
(18272, 8271, 637),
(18267, 8272, 610),
(18268, 8272, 637),
(18273, 8273, 610),
(18274, 8273, 637),
(20456, 8274, 610),
(20457, 8274, 637),
(18277, 8275, 610),
(18278, 8275, 637),
(18279, 8276, 610),
(18280, 8276, 637),
(18281, 8277, 610),
(18282, 8278, 610),
(18283, 8279, 637),
(18284, 8280, 637),
(18285, 8281, 637),
(18286, 8282, 637),
(18289, 8283, 610),
(18290, 8284, 610),
(20458, 8285, 610),
(20253, 8286, 637),
(18293, 8287, 637),
(18294, 8288, 610),
(18295, 8289, 610),
(18296, 8290, 637),
(18297, 8291, 611),
(18298, 8292, 611),
(18299, 8293, 611),
(20454, 8294, 611),
(18301, 8295, 611),
(18302, 8296, 611),
(18303, 8297, 611),
(18304, 8298, 611),
(20378, 8299, 611),
(20455, 8300, 611),
(18307, 8301, 611),
(18308, 8302, 611),
(18316, 8303, 448),
(18317, 8303, 449),
(18318, 8303, 450),
(18319, 8303, 451),
(18320, 8303, 452),
(18321, 8303, 453),
(18322, 8304, 454),
(18323, 8304, 455),
(18324, 8305, 456),
(18325, 8305, 457),
(18326, 8306, 448),
(18327, 8306, 449),
(18328, 8306, 450),
(18329, 8306, 451),
(18330, 8306, 452),
(18331, 8306, 453),
(18332, 8307, 454),
(18333, 8307, 455),
(18334, 8308, 456),
(18335, 8308, 457),
(18336, 8309, 448),
(18337, 8309, 449),
(18338, 8309, 450),
(18339, 8309, 451),
(18340, 8309, 452),
(18341, 8309, 453),
(18342, 8310, 454),
(18343, 8310, 455),
(18344, 8311, 456),
(18345, 8311, 457),
(18346, 8312, 448),
(18347, 8312, 449),
(18348, 8312, 450),
(18349, 8312, 451),
(18350, 8312, 452),
(18351, 8312, 453),
(18352, 8313, 454),
(18353, 8313, 455),
(18354, 8314, 456),
(18355, 8314, 457),
(18356, 8315, 448),
(18357, 8315, 449),
(18358, 8315, 450),
(18359, 8315, 451),
(18360, 8315, 452),
(18361, 8315, 453),
(18362, 8316, 454),
(18363, 8316, 455),
(18364, 8317, 456),
(18365, 8317, 457),
(18366, 8318, 448),
(18367, 8318, 449),
(18368, 8318, 450),
(18369, 8318, 451),
(18370, 8318, 452),
(18371, 8318, 453),
(18376, 8319, 456),
(18377, 8319, 457),
(18374, 8320, 454),
(18375, 8320, 455),
(18389, 8321, 448),
(18390, 8322, 449),
(18391, 8323, 450),
(18388, 8324, 451),
(18382, 8325, 452),
(18383, 8326, 453),
(18384, 8327, 454),
(18385, 8328, 455),
(18386, 8329, 456),
(18387, 8330, 457),
(18392, 8331, 448),
(18393, 8332, 449),
(18394, 8333, 450),
(18395, 8334, 451),
(18396, 8335, 452),
(18397, 8336, 453),
(18398, 8337, 454),
(18399, 8338, 455),
(18400, 8339, 456),
(18401, 8340, 457),
(18405, 8341, 448),
(19662, 8342, 449),
(18404, 8343, 450),
(18406, 8344, 451),
(18415, 8345, 452),
(18414, 8346, 453),
(18409, 8347, 454),
(18410, 8348, 455),
(18411, 8349, 456),
(18412, 8350, 457),
(18416, 8351, 448),
(18417, 8352, 449),
(18418, 8353, 450),
(18419, 8354, 451),
(18420, 8355, 452),
(18421, 8356, 453),
(18422, 8357, 454),
(18423, 8358, 455),
(18427, 8359, 456),
(18426, 8360, 457),
(18428, 8361, 457),
(18429, 8362, 456),
(18430, 8363, 455),
(18431, 8364, 454),
(18432, 8365, 448),
(18433, 8366, 449),
(18434, 8367, 450),
(18435, 8368, 451),
(18436, 8369, 453),
(18437, 8370, 452),
(18438, 8371, 448),
(18439, 8372, 449),
(18440, 8373, 450),
(18441, 8374, 451),
(18482, 8375, 452),
(18443, 8376, 453),
(18444, 8377, 454),
(18445, 8378, 455),
(19664, 8379, 456),
(19663, 8380, 457),
(18448, 8381, 448),
(18449, 8382, 449),
(18450, 8383, 450),
(18451, 8384, 451),
(18452, 8385, 452),
(18453, 8386, 453),
(18454, 8387, 454),
(20298, 8388, 455),
(19907, 8389, 456),
(19908, 8390, 457),
(19895, 8391, 448),
(19896, 8391, 449),
(18469, 8392, 450),
(18470, 8392, 451),
(18467, 8393, 454),
(18468, 8393, 455),
(18466, 8394, 456),
(18472, 8395, 448),
(18473, 8395, 449),
(18483, 8396, 450),
(18484, 8396, 451),
(18485, 8397, 452),
(18486, 8397, 453),
(18478, 8398, 454),
(18479, 8398, 455),
(20215, 8399, 456),
(20216, 8399, 457),
(18487, 8400, 458),
(18488, 8400, 459),
(18489, 8400, 460),
(18490, 8400, 461),
(18491, 8401, 462),
(18492, 8401, 463),
(18493, 8402, 458),
(18494, 8402, 459),
(18495, 8402, 460),
(18496, 8402, 461),
(18497, 8403, 462),
(18498, 8403, 463),
(18499, 8404, 464),
(18500, 8405, 458),
(18501, 8405, 459),
(18502, 8405, 460),
(18503, 8405, 461),
(18504, 8406, 462),
(18505, 8406, 463),
(18506, 8407, 464),
(18507, 8408, 458),
(18508, 8408, 459),
(18509, 8408, 460),
(18510, 8408, 461),
(18511, 8409, 462),
(18512, 8409, 463),
(18513, 8410, 464),
(18520, 8411, 458),
(18521, 8411, 459),
(18522, 8411, 460),
(18523, 8411, 461),
(18608, 8412, 462),
(18609, 8412, 463),
(18526, 8413, 458),
(18527, 8413, 459),
(18528, 8413, 460),
(18529, 8413, 461),
(18610, 8414, 463),
(18534, 8415, 458),
(18535, 8415, 459),
(18536, 8415, 460),
(18537, 8415, 461),
(18538, 8416, 462),
(18539, 8416, 463),
(18540, 8417, 458),
(18541, 8417, 459),
(18542, 8417, 460),
(18543, 8417, 461),
(18544, 8418, 462),
(18545, 8418, 463),
(18546, 8419, 458),
(18547, 8420, 459),
(18548, 8421, 460),
(18549, 8422, 461),
(18550, 8423, 462),
(18551, 8424, 463),
(18552, 8425, 458),
(18553, 8426, 459),
(18554, 8427, 460),
(18555, 8428, 461),
(18556, 8429, 462),
(18557, 8430, 463),
(20491, 8431, 458),
(18559, 8432, 459),
(20490, 8433, 460),
(18566, 8434, 461),
(18562, 8435, 462),
(18563, 8436, 463),
(20297, 8437, 464),
(20043, 8438, 464),
(18569, 8439, 458),
(18570, 8440, 459),
(18571, 8441, 460),
(18572, 8442, 461),
(18573, 8443, 462),
(18574, 8444, 463),
(18575, 8445, 464),
(18576, 8446, 458),
(18577, 8447, 459),
(18607, 8448, 460),
(18579, 8449, 461),
(18580, 8450, 462),
(18581, 8451, 463),
(18582, 8452, 464),
(19897, 8453, 458),
(19898, 8454, 459),
(19899, 8455, 460),
(19900, 8456, 461),
(19901, 8457, 462),
(19902, 8458, 463),
(18589, 8459, 458),
(18590, 8460, 460),
(18591, 8461, 459),
(18592, 8462, 461),
(18611, 8463, 462),
(18594, 8464, 463),
(18601, 8465, 460),
(18602, 8465, 461),
(18596, 8466, 463),
(18597, 8467, 458),
(18598, 8468, 459),
(18599, 8469, 460),
(20489, 8470, 462),
(19992, 8471, 458),
(19993, 8471, 459),
(18612, 8472, 464),
(19659, 8473, 464),
(18615, 8474, 464),
(20395, 8475, 464),
(18623, 8476, 464),
(20251, 8477, 464),
(20249, 8478, 464),
(18625, 8479, 614),
(18626, 8480, 614),
(20300, 8481, 612),
(20299, 8482, 612),
(18629, 8483, 612),
(18630, 8484, 612),
(18631, 8485, 612),
(18632, 8486, 612),
(18633, 8487, 612),
(18634, 8488, 612),
(18749, 8489, 614),
(18750, 8490, 614),
(18637, 8491, 614),
(18638, 8492, 614),
(18639, 8493, 614),
(18640, 8494, 614),
(18641, 8495, 465),
(18642, 8495, 466),
(18643, 8495, 467),
(18644, 8495, 468),
(18645, 8495, 469),
(18646, 8495, 470),
(18647, 8496, 465),
(18648, 8496, 466),
(18649, 8496, 467),
(18650, 8496, 468),
(18651, 8496, 469),
(18652, 8496, 470),
(18653, 8497, 471),
(18654, 8497, 472),
(18655, 8498, 465),
(18656, 8498, 466),
(18657, 8498, 467),
(18658, 8498, 468),
(18659, 8498, 469),
(18660, 8498, 470),
(18661, 8499, 471),
(18662, 8499, 472),
(18663, 8500, 465),
(18664, 8500, 466),
(18665, 8500, 467),
(18666, 8500, 468),
(18667, 8500, 469),
(18668, 8500, 470),
(18669, 8501, 471),
(18670, 8501, 472),
(18720, 8502, 468),
(18721, 8502, 469),
(18722, 8502, 470),
(18677, 8503, 471),
(18678, 8503, 472),
(18679, 8504, 465),
(18680, 8505, 466),
(18681, 8506, 467),
(18682, 8507, 468),
(18683, 8508, 469),
(18684, 8509, 470),
(18685, 8510, 465),
(18686, 8511, 466),
(18688, 8513, 468),
(20480, 8514, 469),
(18690, 8515, 470),
(18692, 8516, 471),
(18693, 8517, 472),
(18694, 8518, 465),
(18695, 8519, 466),
(18696, 8520, 467),
(18697, 8521, 468),
(18698, 8522, 469),
(18699, 8523, 470),
(18700, 8524, 471),
(18701, 8525, 472),
(18702, 8526, 465),
(18703, 8527, 466),
(18704, 8528, 467),
(18705, 8529, 468),
(18707, 8530, 469),
(18708, 8531, 470),
(18709, 8532, 471),
(18710, 8533, 472),
(18712, 8534, 465),
(18713, 8534, 466),
(18714, 8534, 467),
(18715, 8534, 468),
(18716, 8534, 469),
(18717, 8534, 470),
(18724, 8535, 472),
(18719, 8536, 467),
(18723, 8537, 472),
(18725, 8538, 471),
(18726, 8539, 472),
(18728, 8540, 473),
(18729, 8540, 474),
(18731, 8541, 473),
(18732, 8541, 474),
(18733, 8542, 473),
(18734, 8542, 474),
(18735, 8543, 473),
(18736, 8543, 474),
(18745, 8544, 473),
(18744, 8545, 474),
(18740, 8546, 474),
(18741, 8547, 473),
(18742, 8548, 473),
(18743, 8549, 474),
(18748, 8550, 474),
(18747, 8551, 473),
(18758, 8552, 475),
(18759, 8553, 475),
(18760, 8554, 475),
(18761, 8555, 475),
(18762, 8556, 475),
(19660, 8557, 475),
(18764, 8558, 475),
(18765, 8559, 475),
(18767, 8560, 475),
(20317, 8561, 477),
(18769, 8562, 477),
(18778, 8563, 477),
(20241, 8564, 477),
(18772, 8565, 477),
(18773, 8566, 477),
(18774, 8567, 477),
(20242, 8568, 477),
(20217, 8569, 477),
(18779, 8570, 479),
(18780, 8571, 479),
(18781, 8572, 479),
(18782, 8573, 479),
(18783, 8574, 479),
(18784, 8575, 479),
(18785, 8576, 479),
(18786, 8577, 479),
(18787, 8578, 479),
(18788, 8579, 480),
(18789, 8580, 480),
(18790, 8581, 480),
(18791, 8582, 480),
(18798, 8583, 480),
(18793, 8584, 480),
(18794, 8585, 480),
(18797, 8586, 480),
(18796, 8587, 480),
(18799, 8588, 436),
(18800, 8588, 437),
(18801, 8588, 438),
(18802, 8588, 439),
(18803, 8588, 440),
(18804, 8588, 441),
(18805, 8589, 442),
(18806, 8589, 443),
(18807, 8589, 444),
(18808, 8590, 445),
(18809, 8590, 446),
(18810, 8590, 447),
(18811, 8591, 436),
(18812, 8591, 437),
(18813, 8591, 438),
(18814, 8591, 439),
(18815, 8591, 440),
(18816, 8591, 441),
(18817, 8592, 442),
(18818, 8592, 443),
(18819, 8592, 444),
(18820, 8593, 445),
(18821, 8593, 446),
(18822, 8593, 447),
(18823, 8594, 436),
(18824, 8594, 437),
(18825, 8594, 438),
(18826, 8594, 439),
(18827, 8594, 440),
(18828, 8594, 441),
(18829, 8595, 442),
(18830, 8595, 443),
(18831, 8595, 444),
(18832, 8596, 445),
(18833, 8596, 446),
(18834, 8596, 447),
(18835, 8597, 436),
(18836, 8597, 437),
(18837, 8597, 438),
(18838, 8597, 439),
(18839, 8597, 440),
(18840, 8597, 441),
(18841, 8598, 442),
(18842, 8598, 443),
(18843, 8598, 444),
(18847, 8599, 445),
(18848, 8599, 446),
(18849, 8599, 447),
(18850, 8600, 436),
(18851, 8600, 437),
(18852, 8600, 438),
(18853, 8600, 439),
(18854, 8600, 440),
(18855, 8600, 441),
(18856, 8601, 442),
(18857, 8601, 443),
(18858, 8601, 444),
(18859, 8602, 445),
(18860, 8602, 446),
(18861, 8602, 447),
(18865, 8603, 436),
(18866, 8603, 437),
(18867, 8603, 438),
(18868, 8603, 439),
(18869, 8603, 440),
(18870, 8603, 441),
(18871, 8604, 442),
(18872, 8604, 443),
(18873, 8604, 444),
(18874, 8605, 445),
(18875, 8605, 446),
(18876, 8605, 447),
(18877, 8606, 445),
(18878, 8606, 446),
(18879, 8606, 447),
(18880, 8607, 442),
(18881, 8607, 443),
(18882, 8607, 444),
(18883, 8608, 436),
(18884, 8608, 437),
(18885, 8608, 438),
(18886, 8608, 439),
(18887, 8608, 440),
(18888, 8608, 441),
(18889, 8609, 436),
(18890, 8610, 437),
(18891, 8611, 438),
(18892, 8612, 439),
(18893, 8613, 440),
(20488, 8614, 441),
(18895, 8615, 442),
(18896, 8616, 443),
(18897, 8617, 444),
(18899, 8618, 445),
(18900, 8619, 446),
(19661, 8620, 447),
(20223, 8621, 436),
(20224, 8621, 437),
(18904, 8622, 438),
(18905, 8622, 439),
(18906, 8623, 440),
(18907, 8623, 441),
(18910, 8624, 442),
(18911, 8624, 443),
(18912, 8625, 444),
(18913, 8626, 447),
(18914, 8627, 445),
(18915, 8627, 446),
(18977, 8628, 436),
(18978, 8628, 437),
(18918, 8629, 438),
(18919, 8629, 439),
(18920, 8630, 440),
(18921, 8630, 441),
(18922, 8631, 442),
(18923, 8631, 443),
(18924, 8632, 445),
(18925, 8632, 446),
(18926, 8633, 444),
(18927, 8634, 447),
(18928, 8635, 436),
(18929, 8636, 437),
(18930, 8637, 438),
(18979, 8638, 439),
(18932, 8639, 440),
(18933, 8640, 441),
(18934, 8641, 442),
(18935, 8642, 443),
(18936, 8643, 444),
(18980, 8644, 445),
(18938, 8645, 446),
(18939, 8646, 447),
(18940, 8647, 436),
(18941, 8648, 437),
(18942, 8649, 438),
(18943, 8650, 439),
(20046, 8651, 440),
(20047, 8652, 441),
(18946, 8653, 442),
(18947, 8654, 443),
(18948, 8655, 444),
(18949, 8656, 445),
(18950, 8657, 446),
(18951, 8658, 447),
(18952, 8659, 436),
(18953, 8660, 437),
(18954, 8661, 438),
(18955, 8662, 439),
(18956, 8663, 440),
(18957, 8664, 441),
(18958, 8665, 444),
(18959, 8666, 442),
(18960, 8667, 443),
(18961, 8668, 445),
(18962, 8669, 446),
(18963, 8670, 447),
(18964, 8671, 442),
(18965, 8671, 443),
(18968, 8672, 444),
(18967, 8673, 447),
(18969, 8674, 445),
(18970, 8674, 446),
(20254, 8675, 436),
(20255, 8675, 437),
(18973, 8676, 438),
(18974, 8676, 439),
(20256, 8677, 440),
(20257, 8677, 441),
(18981, 8678, 712),
(18984, 8679, 712),
(18985, 8680, 712),
(19215, 8681, 712),
(18987, 8682, 712),
(18988, 8683, 712),
(19220, 8684, 712),
(19223, 8685, 712),
(18991, 8686, 712),
(18992, 8687, 712),
(19224, 8688, 712),
(19225, 8689, 712),
(18997, 8690, 481),
(18998, 8690, 482),
(18999, 8691, 481),
(19000, 8691, 482),
(19001, 8692, 481),
(19002, 8692, 482),
(19297, 8693, 481),
(19298, 8693, 482),
(19005, 8694, 481),
(19006, 8694, 482),
(19007, 8695, 481),
(19008, 8696, 482),
(19009, 8697, 481),
(19010, 8698, 482),
(19011, 8699, 482),
(19012, 8700, 481),
(19013, 8701, 481),
(19014, 8702, 482),
(19015, 8703, 481),
(19016, 8703, 482),
(19017, 8704, 481),
(19018, 8704, 482),
(19019, 8705, 481),
(19020, 8705, 482),
(19021, 8706, 481),
(19022, 8706, 482),
(19023, 8707, 481),
(19024, 8707, 482),
(19025, 8708, 483),
(19026, 8708, 484),
(19027, 8709, 483),
(19028, 8709, 484),
(19029, 8710, 483),
(19030, 8710, 484),
(19294, 8711, 483),
(19295, 8711, 484),
(19033, 8712, 483),
(19034, 8712, 484),
(19035, 8713, 483),
(19036, 8714, 484),
(19037, 8715, 484),
(19038, 8716, 483),
(19039, 8717, 483),
(19040, 8717, 484),
(19041, 8718, 483),
(19042, 8718, 484),
(19043, 8719, 483),
(19044, 8720, 483),
(19045, 8720, 484),
(19046, 8721, 483),
(19047, 8722, 484),
(19048, 8723, 483),
(19049, 8723, 484),
(19050, 8724, 483),
(19051, 8724, 484),
(19052, 8725, 484),
(19916, 8726, 485),
(19593, 8727, 681),
(19594, 8727, 682),
(19595, 8727, 683),
(19596, 8727, 684),
(19597, 8727, 685),
(19057, 8728, 681),
(19058, 8728, 682),
(19059, 8728, 683),
(19590, 8729, 681),
(19591, 8729, 682),
(19592, 8729, 683),
(19063, 8730, 485),
(19064, 8731, 681),
(19065, 8731, 682),
(19066, 8731, 683),
(19067, 8732, 485),
(19068, 8733, 485),
(19069, 8734, 485),
(19070, 8735, 681),
(19071, 8735, 682),
(19072, 8736, 485),
(19073, 8737, 485),
(19752, 8738, 681),
(19753, 8738, 682),
(19076, 8739, 485),
(19077, 8740, 683),
(20188, 8741, 683),
(20178, 8742, 681),
(20179, 8742, 682),
(20465, 8743, 485),
(20466, 8744, 485),
(19083, 8745, 485),
(19084, 8746, 681),
(19085, 8746, 682),
(19086, 8747, 683),
(19099, 8748, 485),
(19088, 8749, 485),
(19090, 8750, 683),
(19091, 8751, 681),
(19092, 8751, 682),
(19093, 8752, 485),
(19094, 8753, 485),
(19095, 8754, 485),
(19096, 8755, 681),
(19097, 8755, 682),
(19098, 8756, 683),
(19100, 8757, 486),
(19101, 8758, 681),
(19102, 8759, 682),
(19103, 8760, 683),
(19104, 8761, 486),
(19105, 8762, 486),
(19106, 8763, 486),
(19729, 8764, 683),
(19728, 8765, 681),
(19730, 8766, 682),
(19110, 8767, 486),
(19111, 8768, 486),
(19619, 8769, 683),
(19113, 8770, 486),
(19617, 8771, 681),
(19115, 8772, 486),
(19618, 8773, 682),
(19117, 8774, 486),
(19119, 8775, 486),
(19120, 8776, 486),
(19121, 8777, 486),
(19926, 8778, 486),
(19123, 8779, 486),
(19124, 8780, 486),
(19125, 8781, 487),
(19919, 8782, 487),
(19127, 8783, 487),
(19128, 8784, 487),
(19129, 8785, 487),
(19130, 8786, 487),
(20372, 8787, 487),
(19923, 8788, 487),
(19136, 8789, 487),
(19920, 8790, 487),
(19138, 8791, 487),
(19139, 8792, 487),
(19140, 8793, 487),
(19141, 8794, 487),
(19142, 8795, 487),
(19145, 8796, 488),
(19146, 8796, 489),
(19147, 8798, 488),
(19148, 8798, 489),
(19149, 8799, 489),
(19150, 8800, 489),
(19151, 8801, 488),
(20260, 8802, 488),
(19153, 8803, 488),
(19154, 8804, 488),
(19155, 8804, 489),
(19156, 8805, 488),
(19157, 8805, 489),
(20289, 8806, 488),
(20290, 8806, 489),
(19160, 8807, 489),
(19167, 8808, 488),
(19168, 8809, 488),
(19163, 8810, 684),
(19164, 8811, 684),
(19165, 8812, 685),
(19166, 8813, 685),
(19880, 8814, 488),
(19170, 8815, 489),
(19171, 8816, 489),
(19172, 8817, 489),
(19173, 8818, 489),
(19174, 8819, 488),
(19175, 8820, 489),
(19177, 8821, 488),
(19178, 8822, 488),
(19179, 8822, 489),
(19180, 8823, 488),
(19181, 8824, 489),
(19182, 8825, 490),
(19183, 8825, 491),
(19184, 8826, 490),
(19185, 8826, 491),
(19186, 8827, 491),
(19187, 8828, 490),
(19188, 8828, 491),
(19189, 8829, 490),
(19190, 8829, 491),
(19191, 8830, 685),
(19192, 8831, 684),
(19193, 8832, 490),
(19194, 8832, 491),
(20337, 8833, 684),
(20336, 8834, 685),
(19197, 8835, 490),
(19198, 8836, 490),
(19199, 8837, 491),
(19200, 8838, 491),
(19201, 8839, 490),
(19203, 8840, 685),
(19204, 8841, 684),
(19205, 8842, 684),
(19206, 8843, 685),
(19210, 8844, 712),
(19211, 8845, 684),
(19212, 8845, 685),
(19759, 8846, 684),
(19760, 8846, 685),
(20208, 8847, 684),
(20209, 8847, 685),
(19756, 8848, 684),
(19757, 8848, 685),
(19937, 8849, 492),
(19938, 8849, 493),
(19227, 8850, 492),
(19228, 8850, 493),
(19229, 8851, 492),
(19230, 8851, 493),
(19233, 8852, 492),
(19234, 8852, 493),
(19235, 8853, 492),
(19236, 8854, 493),
(19237, 8855, 493),
(19238, 8856, 492),
(20417, 8857, 492),
(20418, 8857, 493),
(19240, 8858, 719),
(19241, 8859, 719),
(19242, 8860, 719),
(19243, 8861, 492),
(19244, 8861, 493),
(19245, 8862, 719),
(19256, 8863, 719),
(19994, 8864, 492),
(19995, 8864, 493),
(19252, 8865, 719),
(19935, 8866, 492),
(19936, 8866, 493),
(19250, 8867, 719),
(19251, 8868, 719),
(19253, 8869, 719),
(19254, 8870, 719),
(19255, 8871, 506),
(19257, 8872, 506),
(20245, 8873, 506),
(20244, 8874, 506),
(19260, 8875, 713),
(19261, 8876, 506),
(19262, 8877, 684),
(19263, 8877, 685),
(19264, 8878, 506),
(19267, 8879, 721),
(19266, 8880, 506),
(19268, 8881, 684),
(19269, 8881, 685),
(19270, 8882, 506),
(19271, 8883, 506),
(19272, 8884, 715),
(19275, 8886, 715),
(19277, 8887, 721),
(19278, 8888, 713),
(20232, 8889, 713),
(20231, 8890, 713),
(20426, 8891, 684),
(20427, 8891, 685),
(20230, 8892, 715),
(20229, 8893, 715),
(19289, 8895, 713),
(19290, 8896, 713),
(19291, 8897, 715),
(19292, 8898, 715),
(19392, 8899, 713),
(19393, 8900, 713),
(20226, 8901, 715),
(20225, 8902, 715),
(19327, 8903, 721),
(20464, 8904, 721),
(20496, 8905, 721),
(20495, 8906, 721),
(20469, 8907, 721),
(20468, 8908, 721),
(19307, 8909, 723),
(20461, 8910, 723),
(19309, 8911, 723),
(19310, 8912, 723),
(19311, 8913, 723),
(19312, 8914, 723),
(19313, 8915, 723),
(19314, 8916, 723),
(19315, 8917, 717),
(19317, 8918, 717),
(19319, 8919, 717),
(19320, 8920, 717),
(19321, 8921, 717),
(19322, 8922, 717),
(19323, 8923, 717),
(20463, 8924, 717),
(20462, 8925, 717),
(19334, 8926, 583),
(19335, 8926, 584),
(19336, 8926, 585),
(19337, 8926, 586),
(19338, 8926, 587),
(19339, 8926, 588),
(19340, 8927, 583),
(19341, 8927, 584),
(19342, 8927, 585),
(19343, 8927, 586),
(19344, 8927, 587),
(19345, 8927, 588),
(19346, 8928, 583),
(19347, 8928, 584),
(19348, 8928, 585),
(19349, 8928, 586),
(19350, 8928, 587),
(19351, 8928, 588),
(19352, 8929, 583),
(19353, 8929, 584),
(19354, 8929, 585),
(19355, 8929, 586),
(19356, 8929, 587),
(19357, 8929, 588),
(19358, 8930, 583),
(19359, 8930, 584),
(19360, 8930, 585),
(19361, 8930, 586),
(19362, 8930, 587),
(19363, 8930, 588),
(19364, 8931, 583),
(19365, 8931, 584),
(19366, 8931, 585),
(19367, 8931, 586),
(19368, 8931, 587),
(19369, 8931, 588),
(19370, 8932, 583),
(19371, 8932, 584),
(19372, 8932, 585),
(19373, 8932, 586),
(19374, 8932, 587),
(19375, 8932, 588),
(19376, 8933, 585),
(19377, 8933, 588),
(19378, 8934, 583),
(19379, 8934, 584),
(19380, 8935, 586),
(19381, 8935, 587),
(20085, 8936, 589),
(20086, 8937, 589),
(20444, 8938, 583),
(20445, 8938, 584),
(20447, 8939, 586),
(20448, 8939, 587),
(20442, 8941, 585),
(20443, 8941, 588),
(19394, 8942, 583),
(19395, 8942, 584),
(19396, 8943, 586),
(19397, 8943, 587),
(19398, 8944, 583),
(19399, 8944, 584),
(19400, 8945, 586),
(19401, 8945, 587),
(19402, 8946, 585),
(19403, 8946, 588),
(19404, 8947, 585),
(19405, 8947, 588),
(19585, 8948, 583),
(19587, 8949, 585),
(19584, 8950, 588),
(19586, 8951, 584),
(19588, 8952, 586),
(19589, 8953, 587),
(19412, 8954, 584),
(19413, 8955, 586),
(19414, 8956, 587),
(19415, 8957, 588),
(19416, 8958, 583),
(19417, 8959, 585),
(20171, 8960, 585),
(19419, 8961, 686),
(19420, 8961, 688),
(20169, 8962, 583),
(20170, 8963, 584),
(19423, 8964, 686),
(19424, 8964, 688),
(20173, 8965, 586),
(20174, 8966, 587),
(20435, 8967, 588),
(20421, 8968, 686),
(20422, 8968, 688),
(20419, 8969, 686),
(20420, 8969, 688),
(19432, 8970, 686),
(19433, 8970, 688),
(19434, 8971, 584),
(19435, 8972, 583),
(19436, 8973, 686),
(19437, 8974, 688),
(19438, 8975, 686),
(19440, 8977, 686),
(19441, 8978, 688),
(20207, 8979, 688),
(19443, 8980, 686),
(19444, 8981, 688),
(19748, 8982, 688),
(19747, 8983, 686),
(19447, 8984, 686),
(19448, 8985, 688),
(19758, 8986, 688),
(19451, 8987, 686),
(19453, 8988, 686),
(19454, 8989, 688),
(19455, 8990, 688),
(19456, 8991, 686),
(19974, 8992, 686),
(19975, 8993, 688),
(19460, 8994, 686),
(19461, 8994, 688),
(19462, 8995, 693),
(19463, 8995, 694),
(19464, 8996, 693),
(19465, 8996, 694),
(19466, 8997, 693),
(19467, 8997, 694),
(19468, 8998, 693),
(19469, 8999, 694),
(19470, 9000, 694),
(19471, 9001, 693),
(19472, 9002, 693),
(19473, 9003, 694),
(19474, 9004, 694),
(19475, 9005, 693),
(19476, 9006, 693),
(19477, 9007, 694),
(19478, 9008, 694),
(19479, 9009, 693),
(20423, 9010, 693),
(20429, 9011, 694),
(19482, 9012, 694),
(19483, 9013, 693),
(20340, 9014, 591),
(20341, 9014, 592),
(20342, 9014, 593),
(20343, 9014, 594),
(20344, 9014, 595),
(20345, 9014, 596),
(20346, 9014, 597),
(20347, 9014, 598),
(20348, 9014, 690),
(20349, 9014, 691),
(20350, 9014, 692),
(20351, 9014, 693),
(20352, 9014, 694),
(20353, 9014, 695),
(20354, 9014, 696),
(20355, 9014, 697),
(20356, 9014, 698),
(19501, 9015, 695),
(19502, 9016, 695),
(19506, 9017, 695),
(19507, 9018, 695),
(19505, 9019, 695),
(19508, 9020, 695),
(19509, 9021, 695),
(19510, 9021, 696),
(19511, 9022, 695),
(19512, 9023, 695),
(19513, 9024, 695),
(19514, 9025, 695),
(19515, 9026, 695),
(19516, 9027, 695),
(19517, 9028, 695),
(19518, 9029, 695),
(19519, 9030, 695),
(19520, 9031, 697),
(19521, 9031, 698),
(19522, 9032, 697),
(19523, 9032, 698),
(19524, 9033, 697),
(19525, 9033, 698),
(20373, 9034, 697),
(20374, 9034, 698),
(20375, 9035, 697),
(20376, 9035, 698),
(19931, 9036, 697),
(19932, 9036, 698),
(19532, 9037, 696),
(19533, 9037, 697),
(19534, 9037, 698),
(19535, 9038, 697),
(19536, 9038, 698),
(19537, 9039, 697),
(19538, 9039, 698),
(19539, 9040, 698),
(19540, 9041, 697),
(20261, 9042, 697),
(19542, 9043, 698),
(19543, 9044, 698),
(19544, 9045, 697),
(19547, 9046, 697),
(19548, 9047, 698),
(20137, 9048, 698),
(20136, 9049, 697),
(19551, 9050, 697),
(19552, 9051, 698),
(19553, 9052, 696),
(19567, 9053, 696),
(19555, 9054, 696),
(19556, 9055, 696),
(19557, 9056, 696),
(19558, 9057, 696),
(19559, 9058, 696),
(19560, 9059, 696),
(19561, 9060, 696),
(20430, 9061, 696),
(19928, 9062, 696),
(19927, 9063, 696),
(19598, 9064, 585),
(19599, 9065, 587),
(19600, 9066, 588),
(19601, 9067, 586),
(20074, 9068, 589),
(20172, 9069, 589),
(20075, 9070, 589),
(20167, 9071, 589),
(20076, 9072, 589),
(20394, 9073, 589),
(20079, 9074, 589),
(20176, 9075, 589),
(20083, 9076, 589),
(20370, 9077, 589),
(20166, 9078, 589),
(20080, 9079, 589),
(20371, 9080, 589),
(19624, 9081, 592),
(19625, 9081, 593),
(19626, 9081, 594),
(19627, 9081, 595),
(19628, 9081, 596),
(19629, 9082, 592),
(19630, 9082, 593),
(19631, 9082, 594),
(19632, 9082, 595),
(19633, 9082, 596),
(20291, 9083, 592),
(20292, 9083, 593),
(20293, 9083, 594),
(20294, 9083, 595),
(20295, 9083, 596),
(19639, 9084, 592),
(19640, 9084, 593),
(19641, 9084, 594),
(19642, 9084, 595),
(19643, 9084, 596),
(19644, 9085, 592),
(19645, 9085, 593),
(19646, 9085, 594),
(19647, 9085, 595),
(19648, 9085, 596),
(19649, 9086, 592),
(19650, 9086, 593),
(19651, 9086, 594),
(19652, 9086, 595),
(19653, 9086, 596),
(19654, 9087, 592),
(19655, 9087, 593),
(19656, 9087, 594),
(19657, 9087, 595),
(19658, 9087, 596),
(19665, 9088, 596),
(19666, 9089, 595),
(19667, 9090, 592),
(19668, 9091, 594),
(19669, 9092, 593),
(19910, 9093, 595),
(19733, 9094, 596),
(19739, 9095, 593),
(19740, 9096, 592),
(19741, 9097, 594),
(19743, 9098, 595),
(19744, 9099, 596),
(20095, 9100, 597),
(19737, 9101, 594),
(19735, 9102, 593),
(20365, 9103, 592),
(20262, 9104, 597),
(19683, 9105, 594),
(19684, 9106, 593),
(20387, 9107, 592),
(19686, 9108, 595),
(19687, 9109, 596),
(19909, 9110, 595),
(19689, 9111, 596),
(19704, 9112, 592),
(19706, 9113, 594),
(19705, 9114, 593),
(19703, 9115, 596),
(20094, 9116, 597),
(20315, 9117, 595),
(19697, 9118, 594),
(20338, 9119, 593),
(19699, 9120, 592),
(20093, 9121, 597),
(20102, 9122, 597),
(19707, 9123, 596),
(19708, 9124, 595),
(19709, 9125, 593),
(19710, 9126, 594),
(20362, 9127, 592),
(20096, 9128, 597),
(20091, 9129, 597),
(20312, 9130, 596),
(20313, 9131, 595),
(20367, 9132, 593),
(20364, 9133, 592),
(20366, 9134, 594),
(20087, 9135, 597),
(20368, 9136, 597),
(20089, 9137, 597),
(20097, 9138, 597),
(20129, 9139, 597),
(20401, 9140, 597),
(20130, 9141, 597),
(20369, 9142, 597),
(19761, 9143, 581),
(19762, 9143, 582),
(19763, 9143, 677),
(19764, 9143, 678),
(19765, 9143, 679),
(19766, 9143, 680),
(19767, 9144, 581),
(19768, 9144, 582),
(19769, 9144, 677),
(19770, 9144, 678),
(19771, 9144, 679),
(19772, 9144, 680),
(19773, 9145, 581),
(19774, 9145, 582),
(19775, 9145, 677),
(19776, 9145, 678),
(19777, 9145, 679),
(19778, 9145, 680),
(19779, 9146, 581),
(19780, 9146, 582),
(19781, 9146, 677),
(19782, 9146, 678),
(19783, 9146, 679),
(19784, 9146, 680),
(19785, 9147, 581),
(19786, 9147, 582),
(19787, 9147, 677),
(19788, 9147, 678),
(19789, 9147, 679),
(19790, 9147, 680),
(19791, 9148, 581),
(19792, 9148, 582),
(19793, 9148, 677),
(19794, 9148, 678),
(19795, 9148, 679),
(19796, 9148, 680),
(19797, 9149, 591),
(19798, 9149, 690),
(19799, 9149, 691),
(19800, 9149, 692),
(19801, 9150, 591),
(19802, 9150, 690),
(19803, 9150, 691),
(19804, 9150, 692),
(19805, 9151, 591),
(19806, 9151, 690),
(19807, 9151, 691),
(19808, 9151, 692),
(19809, 9152, 591),
(19810, 9152, 690),
(19811, 9152, 691),
(19812, 9152, 692),
(20020, 9153, 591),
(20021, 9153, 690),
(20022, 9153, 691),
(20023, 9153, 692),
(19817, 9154, 591),
(19818, 9154, 690),
(19819, 9154, 691),
(19820, 9154, 692),
(19821, 9155, 591),
(19822, 9155, 690),
(19823, 9155, 691),
(19824, 9155, 692),
(19825, 9156, 591),
(19826, 9156, 690),
(19827, 9156, 691),
(19828, 9156, 692),
(19829, 9157, 677),
(19830, 9157, 678),
(20164, 9158, 679),
(20165, 9158, 680),
(19833, 9159, 679),
(19834, 9159, 680),
(19835, 9160, 677),
(19836, 9160, 678),
(20433, 9161, 677),
(20434, 9161, 678),
(20431, 9162, 679),
(20432, 9162, 680),
(19841, 9163, 679),
(19842, 9163, 680),
(19843, 9164, 677),
(19844, 9164, 678),
(20403, 9165, 677),
(20404, 9165, 678),
(20405, 9166, 679),
(20406, 9166, 680),
(19849, 9167, 679),
(19850, 9167, 680),
(19851, 9168, 677),
(19852, 9168, 678),
(19853, 9169, 680),
(19854, 9170, 679),
(19855, 9171, 678),
(19856, 9172, 677),
(19857, 9173, 677),
(19858, 9174, 678),
(19859, 9175, 679),
(19860, 9176, 680),
(20159, 9177, 690),
(20160, 9177, 691),
(20161, 9177, 692),
(20153, 9178, 690),
(20154, 9178, 691),
(20155, 9178, 692),
(19867, 9179, 690),
(19868, 9180, 691),
(19869, 9181, 692),
(20389, 9182, 690),
(20385, 9183, 691),
(19872, 9184, 692),
(20184, 9185, 692),
(20386, 9186, 691),
(20186, 9187, 690),
(20411, 9188, 692),
(20410, 9189, 690),
(20409, 9190, 691),
(20008, 9191, 691),
(20030, 9192, 692),
(20007, 9193, 690),
(19883, 9194, 691),
(19884, 9195, 690),
(19885, 9196, 692),
(19886, 9197, 690),
(19887, 9198, 691),
(19888, 9199, 692),
(19889, 9200, 690),
(19890, 9201, 691),
(19891, 9202, 692),
(19892, 9203, 690),
(19893, 9204, 691),
(19894, 9205, 692),
(19906, 9206, 465),
(19905, 9207, 467),
(20189, 9208, 436),
(20190, 9208, 437),
(20191, 9208, 438),
(20192, 9208, 439),
(20193, 9208, 440),
(20194, 9208, 441),
(20195, 9209, 442),
(20196, 9209, 443),
(20197, 9209, 444),
(20198, 9210, 445),
(20199, 9210, 446),
(20200, 9210, 447),
(20201, 9211, 481),
(20202, 9211, 482),
(20203, 9212, 483),
(20204, 9212, 484),
(20319, 9218, 448),
(20320, 9218, 449),
(20321, 9218, 450),
(20322, 9218, 451),
(20323, 9218, 452),
(20324, 9218, 453),
(20325, 9219, 454),
(20326, 9219, 455),
(20327, 9220, 456),
(20328, 9220, 457),
(20331, 9221, 485),
(20332, 9222, 486),
(19990, 9223, 821),
(19991, 9224, 821),
(20187, 9225, 591),
(20033, 9226, 591),
(20034, 9227, 591),
(20035, 9228, 591),
(20036, 9229, 591),
(20037, 9230, 591),
(20038, 9231, 591),
(20039, 9232, 591),
(20040, 9233, 591),
(20148, 9234, 591),
(20042, 9235, 591),
(20151, 9236, 581),
(20152, 9236, 582),
(20127, 9237, 581),
(20128, 9237, 582),
(20058, 9238, 581),
(20059, 9238, 582),
(20205, 9239, 581),
(20206, 9239, 582),
(20213, 9240, 581),
(20214, 9240, 582),
(20064, 9241, 581),
(20065, 9241, 582),
(20066, 9242, 581),
(20067, 9243, 582),
(20068, 9244, 582),
(20069, 9245, 581),
(20288, 9248, 597),
(20104, 9249, 677),
(20105, 9249, 678),
(20106, 9249, 679),
(20107, 9249, 680),
(20108, 9250, 681),
(20109, 9250, 682),
(20110, 9250, 683),
(20111, 9251, 684),
(20112, 9251, 685),
(20113, 9252, 686),
(20114, 9253, 688),
(20115, 9254, 581),
(20116, 9254, 582),
(20117, 9255, 583),
(20118, 9255, 584),
(20119, 9255, 585),
(20120, 9256, 586),
(20121, 9256, 587),
(20122, 9256, 588),
(20123, 9257, 590),
(20124, 9258, 589),
(20138, 9259, 583),
(20139, 9259, 584),
(20140, 9260, 585),
(20141, 9261, 586),
(20142, 9261, 587),
(20143, 9262, 588),
(20268, 9263, 592),
(20269, 9263, 593),
(20270, 9263, 594),
(20483, 9264, 611),
(20484, 9265, 610),
(20485, 9265, 637);

-- --------------------------------------------------------

--
-- Table structure for table `orar`
--

CREATE TABLE `orar` (
  `id_orar` int(10) NOT NULL,
  `id_profesor` int(5) NOT NULL DEFAULT 0,
  `id_materie` int(5) NOT NULL DEFAULT 0,
  `id_sala` int(5) NOT NULL DEFAULT 0,
  `id_tip` int(5) NOT NULL DEFAULT 0,
  `paritate` int(1) NOT NULL DEFAULT 0,
  `id_nivel` int(10) NOT NULL DEFAULT 0,
  `zi` char(10) NOT NULL DEFAULT '',
  `id_sem` int(11) NOT NULL DEFAULT 9,
  `info` text NOT NULL
) ENGINE=InnoDB DEFAULT CHARSET=latin1 COLLATE=latin1_swedish_ci;

--
-- Dumping data for table `orar`
--

INSERT INTO `orar` (`id_orar`, `id_profesor`, `id_materie`, `id_sala`, `id_tip`, `paritate`, `id_nivel`, `zi`, `id_sem`, `info`) VALUES
(7951, 228, 593, 92, 1, 0, 654, 'Marti', 9, ''),
(7952, 196, 803, 70, 1, 0, 654, 'Marti', 9, ''),
(7953, 213, 563, 269, 1, 0, 654, 'Marti', 9, ''),
(7954, 140, 864, 91, 1, 2, 654, 'Luni', 9, ''),
(7955, 228, 576, 126, 1, 0, 654, 'Miercuri', 9, ''),
(7956, 228, 576, 126, 3, 2, 654, 'Joi', 9, ''),
(7957, 228, 593, 92, 3, 0, 654, 'Joi', 9, ''),
(7958, 228, 593, 92, 4, 1, 654, 'Joi', 9, ''),
(7959, 188, 715, 60, 1, 0, 654, 'Miercuri', 9, ''),
(7960, 188, 791, 176, 1, 0, 654, 'Miercuri', 9, ''),
(7961, 223, 791, 97, 3, 0, 654, 'Luni', 9, ''),
(7962, 213, 563, 269, 4, 1, 654, 'Luni', 9, ''),
(7963, 140, 864, 91, 3, 2, 654, 'Luni', 9, ''),
(7964, 220, 715, 96, 3, 1, 654, 'Luni', 9, ''),
(7965, 186, 803, 70, 3, 0, 654, 'Joi', 9, ''),
(7966, 274, 625, 103, 3, 0, 659, 'Luni', 9, ''),
(7967, 274, 625, 103, 1, 0, 659, 'Vineri', 9, ''),
(7968, 224, 747, 105, 1, 0, 659, 'Vineri', 9, ''),
(7969, 224, 747, 105, 3, 0, 605, 'Joi', 9, ''),
(7970, 192, 648, 70, 3, 0, 659, 'Luni', 9, ''),
(7971, 192, 648, 99, 1, 0, 659, 'Miercuri', 9, ''),
(7972, 174, 840, 90, 1, 0, 659, 'Miercuri', 9, ''),
(7973, 174, 840, 90, 3, 0, 659, 'Miercuri', 9, ''),
(7974, 219, 652, 99, 1, 0, 659, 'Marti', 9, ''),
(7975, 220, 652, 106, 3, 0, 659, 'Joi', 9, ''),
(7976, 188, 812, 176, 1, 0, 659, 'Marti', 9, ''),
(7977, 188, 812, 88, 3, 0, 659, 'Joi', 9, ''),
(7978, 211, 949, 71, 3, 1, 657, 'Luni', 9, ''),
(7979, 211, 949, 71, 4, 1, 657, 'Luni', 9, ''),
(7980, 228, 949, 126, 1, 0, 657, 'Miercuri', 9, ''),
(7981, 220, 952, 106, 3, 2, 657, 'Luni', 9, ''),
(7982, 219, 952, 126, 1, 0, 657, 'Miercuri', 9, ''),
(7983, 213, 940, 269, 4, 1, 657, 'Luni', 9, ''),
(7984, 213, 940, 269, 1, 0, 657, 'Marti', 9, ''),
(7985, 220, 946, 106, 1, 0, 657, 'Marti', 9, ''),
(7986, 220, 946, 106, 3, 2, 657, 'Miercuri', 9, ''),
(7987, 188, 950, 176, 1, 0, 657, 'Marti', 9, ''),
(7988, 188, 950, 88, 3, 2, 657, 'Miercuri', 9, ''),
(7989, 224, 951, 96, 3, 1, 657, 'Miercuri', 9, ''),
(7990, 219, 951, 97, 1, 0, 657, 'Joi', 9, ''),
(7991, 186, 945, 1, 3, 1, 657, 'Miercuri', 9, ''),
(7992, 186, 945, 1, 1, 0, 657, 'Joi', 9, ''),
(7993, 107, 947, 56, 1, 0, 657, 'Joi', 9, ''),
(7994, 107, 947, 54, 3, 0, 657, 'Joi', 9, ''),
(7995, 166, 965, 63, 4, 0, 662, 'Luni', 9, ''),
(7996, 166, 965, 63, 3, 0, 662, 'Luni', 9, ''),
(7997, 166, 965, 63, 1, 0, 662, 'Vineri', 9, ''),
(7998, 123, 967, 81, 3, 0, 662, 'Luni', 9, ''),
(7999, 152, 967, 81, 3, 0, 662, 'Marti', 9, ''),
(8000, 159, 963, 40, 3, 0, 662, 'Luni', 9, ''),
(8001, 159, 963, 97, 1, 0, 662, 'Joi', 9, ''),
(8002, 224, 966, 105, 1, 0, 662, 'Marti', 9, ''),
(8003, 224, 966, 105, 3, 0, 662, 'Miercuri', 9, ''),
(8004, 318, 964, 277, 3, 0, 662, 'Miercuri', 9, ''),
(8005, 318, 964, 277, 1, 0, 662, 'Joi', 9, ''),
(8006, 186, 962, 70, 3, 0, 662, 'Miercuri', 9, ''),
(8007, 196, 962, 176, 1, 0, 662, 'Vineri', 9, ''),
(8008, 136, 522, 51, 1, 0, 769, 'Marti', 9, ''),
(8011, 312, 425, 51, 1, 0, 769, 'Marti', 9, ''),
(8014, 139, 373, 51, 1, 0, 769, 'Joi', 9, ''),
(8015, 139, 373, 51, 2, 2, 769, 'Joi', 9, ''),
(8016, 130, 389, 80, 2, 0, 769, 'Miercuri', 9, ''),
(8017, 167, 383, 72, 4, 0, 701, 'Miercuri', 9, ''),
(8018, 167, 383, 72, 4, 0, 702, 'Miercuri', 9, ''),
(8019, 167, 377, 72, 4, 0, 701, 'Luni', 9, ''),
(8020, 167, 377, 72, 4, 0, 702, 'Luni', 9, ''),
(8021, 131, 236, 77, 3, 0, 701, 'Luni', 9, ''),
(8022, 131, 236, 51, 3, 0, 702, 'Luni', 9, ''),
(8023, 134, 522, 90, 3, 1, 702, 'Luni', 9, ''),
(8024, 134, 522, 90, 3, 1, 701, 'Joi', 9, ''),
(8025, 312, 425, 63, 3, 0, 702, 'Miercuri', 9, ''),
(8026, 312, 425, 63, 3, 0, 701, 'Miercuri', 9, ''),
(8027, 220, 401, 106, 3, 1, 699, 'Luni', 9, ''),
(8028, 220, 401, 106, 3, 2, 700, 'Luni', 9, ''),
(8029, 213, 243, 269, 3, 2, 699, 'Luni', 9, ''),
(8030, 213, 243, 269, 3, 2, 700, 'Luni', 9, ''),
(8031, 274, 288, 103, 3, 1, 699, 'Luni', 9, ''),
(8032, 182, 288, 103, 3, 1, 700, 'Luni', 9, ''),
(8033, 223, 528, 88, 3, 2, 699, 'Luni', 9, ''),
(8034, 223, 528, 88, 3, 1, 700, 'Luni', 9, ''),
(8035, 134, 522, 90, 3, 0, 699, 'Luni', 9, ''),
(8036, 134, 522, 90, 3, 0, 700, 'Luni', 9, ''),
(8037, 160, 475, 93, 3, 1, 699, 'Luni', 9, ''),
(8038, 160, 475, 93, 3, 2, 700, 'Luni', 9, ''),
(8039, 220, 527, 96, 4, 0, 700, 'Joi', 9, ''),
(8040, 220, 527, 96, 4, 0, 699, 'Joi', 9, ''),
(8041, 124, 475, 90, 3, 0, 700, 'Joi', 9, ''),
(8042, 160, 475, 93, 3, 0, 699, 'Joi', 9, ''),
(8043, 124, 475, 33, 1, 0, 768, 'Marti', 9, ''),
(8044, 192, 843, 44, 1, 0, 655, 'Luni', 9, ''),
(8045, 192, 843, 44, 1, 0, 656, 'Luni', 9, ''),
(8046, 222, 243, 33, 1, 0, 768, 'Marti', 9, ''),
(8047, 216, 527, 33, 1, 0, 768, 'Marti', 9, ''),
(8048, 182, 288, 33, 1, 0, 768, 'Marti', 9, ''),
(8049, 196, 795, 176, 1, 0, 656, 'Luni', 9, ''),
(8050, 188, 528, 35, 1, 0, 768, 'Miercuri', 9, ''),
(8051, 136, 513, 35, 1, 0, 768, 'Miercuri', 9, ''),
(8052, 219, 401, 35, 1, 0, 768, 'Miercuri', 9, ''),
(8053, 184, 479, 81, 3, 0, 770, 'Luni', 9, ''),
(8054, 123, 257, 81, 3, 0, 770, 'Luni', 9, ''),
(8055, 168, 534, 89, 4, 0, 770, 'Luni', 9, ''),
(8056, 168, 534, 81, 2, 1, 770, 'Miercuri', 9, ''),
(8057, 168, 534, 93, 1, 0, 770, 'Marti', 9, ''),
(8058, 168, 398, 93, 1, 0, 770, 'Marti', 9, ''),
(8059, 168, 398, 81, 2, 2, 770, 'Miercuri', 9, ''),
(8060, 132, 272, 81, 1, 0, 770, 'Marti', 9, ''),
(8061, 170, 544, 81, 1, 0, 770, 'Joi', 9, ''),
(8062, 219, 828, 99, 1, 0, 655, 'Luni', 9, ''),
(8063, 184, 479, 81, 3, 1, 770, 'Miercuri', 9, ''),
(8064, 219, 716, 36, 1, 0, 655, 'Marti', 9, ''),
(8065, 219, 716, 36, 1, 0, 656, 'Marti', 9, ''),
(8066, 222, 558, 36, 1, 0, 656, 'Marti', 9, ''),
(8067, 222, 671, 36, 1, 0, 655, 'Marti', 9, ''),
(8068, 188, 632, 36, 1, 0, 655, 'Marti', 9, ''),
(8069, 170, 1013, 81, 3, 2, 770, 'Miercuri', 9, ''),
(8070, 219, 809, 51, 1, 0, 655, 'Vineri', 9, ''),
(8071, 219, 809, 51, 1, 0, 656, 'Vineri', 9, ''),
(8072, 170, 544, 89, 2, 0, 770, 'Miercuri', 9, ''),
(8073, 170, 1013, 81, 1, 1, 770, 'Joi', 9, ''),
(8074, 155, 257, 81, 1, 0, 770, 'Joi', 9, ''),
(8075, 184, 479, 81, 1, 0, 770, 'Marti', 9, ''),
(8076, 130, 272, 81, 2, 2, 770, 'Joi', 9, ''),
(8077, 149, 347, 87, 4, 0, 774, 'Miercuri', 9, ''),
(8078, 149, 347, 87, 2, 0, 743, 'Miercuri', 9, ''),
(8079, 149, 347, 87, 1, 0, 774, 'Marti', 9, ''),
(8080, 181, 343, 38, 1, 0, 774, 'Luni', 9, ''),
(8081, 181, 343, 38, 2, 0, 743, 'Luni', 9, ''),
(8082, 120, 549, 93, 1, 0, 774, 'Luni', 9, ''),
(8083, 120, 549, 93, 2, 0, 774, 'Vineri', 9, ''),
(8084, 120, 548, 89, 1, 0, 774, 'Joi', 9, ''),
(8085, 168, 548, 93, 4, 0, 774, 'Miercuri', 9, ''),
(8086, 168, 548, 90, 2, 0, 774, 'Joi', 9, ''),
(8087, 127, 482, 86, 1, 0, 774, 'Joi', 9, ''),
(8088, 127, 482, 86, 3, 0, 774, 'Vineri', 9, ''),
(8089, 280, 295, 51, 1, 0, 774, 'Marti', 9, ''),
(8090, 280, 295, 86, 3, 0, 774, 'Joi', 9, ''),
(8091, 281, 915, 233, 1, 0, 775, 'Luni', 9, ''),
(8092, 282, 915, 233, 3, 0, 775, 'Luni', 9, ''),
(8093, 134, 509, 95, 1, 0, 775, 'Luni', 9, ''),
(8094, 134, 509, 139, 3, 0, 775, 'Miercuri', 9, ''),
(8095, 192, 499, 79, 3, 0, 711, 'Marti', 9, ''),
(8096, 192, 499, 79, 1, 0, 775, 'Miercuri', 9, ''),
(8097, 183, 511, 233, 4, 0, 775, 'Marti', 9, ''),
(8098, 183, 511, 233, 1, 0, 775, 'Vineri', 9, ''),
(8099, 330, 461, 95, 3, 0, 775, 'Marti', 9, ''),
(8100, 150, 470, 79, 1, 0, 775, 'Miercuri', 9, ''),
(8101, 150, 470, 80, 2, 0, 775, 'Joi', 9, ''),
(8102, 183, 511, 233, 4, 0, 775, 'Vineri', 9, ''),
(8103, 180, 461, 109, 1, 0, 775, 'Joi', 9, ''),
(8104, 172, 484, 35, 1, 0, 773, 'Luni', 9, ''),
(8105, 157, 362, 35, 1, 0, 773, 'Luni', 9, ''),
(8106, 274, 288, 35, 1, 0, 773, 'Luni', 9, ''),
(8107, 181, 342, 35, 1, 0, 773, 'Miercuri', 9, ''),
(8108, 181, 342, 37, 2, 0, 773, 'Vineri', 9, ''),
(8109, 177, 294, 37, 1, 0, 773, 'Vineri', 9, ''),
(8110, 216, 459, 37, 1, 0, 773, 'Vineri', 9, ''),
(8111, 177, 294, 40, 3, 0, 707, 'Marti', 9, ''),
(8112, 177, 294, 40, 3, 0, 708, 'Joi', 9, ''),
(8113, 177, 294, 80, 3, 0, 709, 'Marti', 9, ''),
(8114, 274, 288, 103, 4, 0, 709, 'Marti', 9, ''),
(8115, 274, 288, 103, 4, 0, 707, 'Marti', 9, ''),
(8116, 274, 288, 103, 4, 0, 708, 'Miercuri', 9, ''),
(8117, 216, 459, 76, 3, 0, 708, 'Miercuri', 9, ''),
(8118, 216, 459, 76, 3, 0, 709, 'Miercuri', 9, ''),
(8119, 216, 459, 76, 3, 0, 707, 'Marti', 9, ''),
(8120, 175, 362, 72, 4, 0, 707, 'Joi', 9, ''),
(8121, 175, 362, 72, 4, 0, 708, 'Joi', 9, ''),
(8122, 175, 362, 80, 4, 0, 709, 'Marti', 9, ''),
(8123, 148, 484, 40, 3, 0, 709, 'Miercuri', 9, ''),
(8124, 148, 484, 40, 3, 0, 707, 'Joi', 9, ''),
(8125, 148, 484, 40, 3, 0, 708, 'Joi', 9, ''),
(8126, 152, 331, 51, 1, 0, 772, 'Luni', 9, ''),
(8127, 126, 306, 92, 1, 0, 772, 'Luni', 9, ''),
(8128, 222, 455, 51, 1, 0, 772, 'Luni', 9, ''),
(8129, 120, 521, 93, 1, 0, 772, 'Miercuri', 9, ''),
(8130, 144, 515, 92, 1, 0, 772, 'Miercuri', 9, ''),
(8131, 128, 515, 90, 4, 0, 705, 'Marti', 9, ''),
(8132, 128, 515, 90, 4, 0, 706, 'Marti', 9, ''),
(8133, 120, 515, 90, 3, 0, 706, 'Joi', 9, ''),
(8134, 120, 515, 90, 3, 0, 705, 'Joi', 9, ''),
(8135, 166, 306, 63, 3, 0, 705, 'Marti', 9, ''),
(8136, 166, 306, 63, 3, 0, 706, 'Marti', 9, ''),
(8137, 128, 306, 136, 4, 0, 706, 'Vineri', 9, ''),
(8138, 128, 306, 136, 4, 0, 705, 'Vineri', 9, ''),
(8139, 155, 331, 81, 4, 0, 705, 'Joi', 9, ''),
(8140, 155, 331, 89, 4, 0, 706, 'Marti', 9, ''),
(8141, 184, 331, 81, 3, 0, 706, 'Vineri', 9, ''),
(8142, 184, 331, 81, 3, 0, 705, 'Vineri', 9, ''),
(8143, 213, 455, 269, 3, 0, 705, 'Joi', 9, ''),
(8144, 213, 455, 269, 3, 0, 706, 'Joi', 9, ''),
(8145, 134, 515, 90, 3, 0, 706, 'Joi', 9, ''),
(8146, 134, 515, 90, 3, 0, 705, 'Vineri', 9, ''),
(8147, 211, 560, 51, 1, 0, 655, 'Vineri', 9, ''),
(8148, 211, 559, 51, 1, 0, 656, 'Vineri', 9, ''),
(8149, 108, 814, 51, 1, 0, 656, 'Vineri', 9, ''),
(8150, 108, 814, 51, 1, 0, 655, 'Vineri', 9, ''),
(8151, 223, 632, 88, 3, 2, 600, 'Miercuri', 9, ''),
(8152, 223, 632, 88, 3, 2, 601, 'Miercuri', 9, ''),
(8153, 220, 809, 106, 3, 0, 602, 'Miercuri', 9, ''),
(8154, 220, 809, 106, 3, 0, 600, 'Miercuri', 9, ''),
(8155, 220, 809, 106, 3, 0, 601, 'Miercuri', 9, ''),
(8156, 220, 716, 106, 3, 1, 601, 'Miercuri', 9, ''),
(8157, 220, 716, 106, 3, 1, 600, 'Joi', 9, ''),
(8158, 220, 713, 106, 3, 1, 602, 'Joi', 9, ''),
(8159, 211, 559, 71, 3, 0, 602, 'Miercuri', 9, ''),
(8160, 211, 560, 71, 3, 0, 600, 'Miercuri', 9, ''),
(8161, 211, 560, 71, 3, 0, 601, 'Miercuri', 9, ''),
(8162, 213, 670, 269, 3, 2, 601, 'Joi', 9, ''),
(8163, 213, 670, 269, 3, 1, 600, 'Joi', 9, ''),
(8164, 213, 558, 269, 3, 1, 602, 'Joi', 9, ''),
(8165, 186, 608, 1, 3, 2, 602, 'Joi', 9, ''),
(8166, 186, 843, 1, 3, 1, 600, 'Joi', 9, ''),
(8167, 186, 843, 1, 3, 2, 601, 'Joi', 9, ''),
(8168, 224, 828, 96, 3, 2, 601, 'Joi', 9, ''),
(8169, 224, 828, 96, 3, 2, 600, 'Miercuri', 9, ''),
(8170, 224, 623, 96, 3, 1, 602, 'Joi', 9, ''),
(8171, 316, 814, 45, 3, 2, 602, 'Joi', 9, ''),
(8172, 316, 814, 50, 3, 1, 600, 'Vineri', 9, ''),
(8173, 316, 814, 50, 3, 2, 601, 'Vineri', 9, ''),
(8174, 191, 623, 176, 1, 0, 656, 'Marti', 9, ''),
(8175, 196, 795, 70, 4, 2, 656, 'Miercuri', 9, ''),
(8176, 152, 675, 37, 1, 0, 660, 'Marti', 9, ''),
(8177, 152, 675, 37, 1, 0, 661, 'Marti', 9, ''),
(8178, 206, 825, 37, 1, 0, 661, 'Marti', 9, ''),
(8179, 206, 825, 37, 1, 0, 660, 'Marti', 9, ''),
(8180, 159, 702, 35, 1, 0, 660, 'Joi', 9, ''),
(8181, 159, 702, 35, 1, 0, 661, 'Joi', 9, ''),
(8182, 166, 649, 63, 1, 0, 661, 'Joi', 9, ''),
(8183, 166, 649, 63, 1, 0, 660, 'Joi', 9, ''),
(8184, 216, 566, 44, 1, 0, 660, 'Vineri', 9, ''),
(8185, 216, 566, 44, 1, 0, 661, 'Vineri', 9, ''),
(8186, 186, 813, 176, 1, 0, 661, 'Vineri', 9, ''),
(8187, 196, 822, 44, 1, 0, 660, 'Vineri', 9, ''),
(8188, 166, 649, 63, 3, 0, 606, 'Miercuri', 9, ''),
(8189, 166, 649, 63, 3, 0, 607, 'Luni', 9, ''),
(8190, 166, 649, 63, 3, 0, 608, 'Luni', 9, ''),
(8191, 128, 649, 86, 4, 0, 608, 'Luni', 9, ''),
(8192, 128, 649, 86, 4, 0, 606, 'Luni', 9, ''),
(8193, 128, 649, 86, 4, 0, 607, 'Miercuri', 9, ''),
(8194, 318, 825, 277, 3, 0, 606, 'Luni', 9, ''),
(8195, 318, 825, 277, 3, 0, 607, 'Luni', 9, ''),
(8196, 318, 825, 277, 3, 0, 608, 'Miercuri', 9, ''),
(8197, 155, 675, 89, 3, 0, 606, 'Luni', 9, ''),
(8198, 155, 675, 81, 3, 0, 607, 'Luni', 9, ''),
(8199, 155, 676, 81, 3, 0, 608, 'Miercuri', 9, ''),
(8200, 186, 813, 1, 3, 0, 608, 'Luni', 9, ''),
(8201, 186, 822, 70, 3, 0, 606, 'Luni', 9, ''),
(8202, 186, 822, 70, 3, 0, 607, 'Luni', 9, ''),
(8203, 224, 566, 96, 3, 0, 607, 'Miercuri', 9, ''),
(8204, 224, 566, 96, 3, 0, 606, 'Miercuri', 9, ''),
(8205, 224, 566, 96, 3, 0, 608, 'Joi', 9, ''),
(8206, 159, 702, 97, 3, 0, 608, 'Miercuri', 9, ''),
(8207, 159, 702, 97, 3, 0, 606, 'Miercuri', 9, ''),
(8208, 159, 702, 97, 3, 0, 607, 'Miercuri', 9, ''),
(8209, 169, 324, 129, 1, 1, 771, 'Miercuri', 9, ''),
(8210, 156, 324, 129, 2, 1, 771, 'Miercuri', 9, ''),
(8211, 169, 547, 129, 1, 2, 771, 'Miercuri', 9, ''),
(8212, 169, 547, 129, 4, 2, 771, 'Miercuri', 9, ''),
(8213, 169, 547, 129, 2, 2, 771, 'Miercuri', 9, ''),
(8214, 156, 415, 227, 1, 1, 771, 'Joi', 9, ''),
(8215, 156, 415, 227, 3, 1, 771, 'Joi', 9, ''),
(8216, 156, 324, 160, 3, 1, 771, 'Joi', 9, ''),
(8217, 156, 424, 138, 1, 1, 771, 'Vineri', 9, ''),
(8218, 156, 424, 160, 3, 1, 771, 'Vineri', 9, ''),
(8219, 180, 536, 118, 1, 2, 771, 'Joi', 9, ''),
(8220, 180, 536, 118, 3, 2, 771, 'Joi', 9, ''),
(8221, 180, 536, 118, 2, 2, 771, 'Joi', 9, ''),
(8222, 180, 239, 118, 1, 2, 771, 'Vineri', 9, ''),
(8223, 180, 239, 118, 3, 2, 771, 'Vineri', 9, ''),
(8224, 147, 304, 160, 1, 0, 771, 'Vineri', 9, ''),
(8225, 147, 304, 160, 3, 1, 771, 'Vineri', 9, ''),
(8226, 179, 463, 120, 3, 1, 776, 'Vineri', 9, ''),
(8227, 179, 463, 120, 1, 1, 776, 'Vineri', 9, ''),
(8228, 256, 689, 114, 2, 0, 827, 'Luni', 9, ''),
(8229, 254, 569, 38, 2, 0, 622, 'Marti', 9, ''),
(8230, 145, 582, 95, 2, 1, 622, 'Marti', 9, ''),
(8231, 231, 679, 85, 2, 2, 622, 'Marti', 9, ''),
(8232, 159, 712, 72, 2, 0, 622, 'Joi', 9, ''),
(8233, 212, 673, 98, 1, 1, 648, 'Luni', 9, ''),
(8234, 208, 615, 85, 1, 0, 648, 'Luni', 9, ''),
(8235, 212, 725, 77, 1, 0, 648, 'Miercuri', 9, ''),
(8236, 231, 679, 85, 1, 0, 648, 'Marti', 9, ''),
(8237, 177, 712, 38, 1, 0, 828, 'Joi', 9, ''),
(8238, 145, 582, 38, 1, 0, 828, 'Joi', 9, ''),
(8239, 239, 569, 38, 1, 0, 829, 'Joi', 9, ''),
(8240, 212, 673, 98, 3, 2, 590, 'Luni', 9, ''),
(8241, 208, 615, 85, 3, 0, 590, 'Luni', 9, ''),
(8242, 221, 725, 59, 3, 2, 590, 'Miercuri', 9, ''),
(8243, 202, 730, 42, 1, 0, 826, 'Luni', 9, ''),
(8244, 137, 606, 51, 1, 0, 826, 'Miercuri', 9, ''),
(8245, 172, 596, 51, 1, 0, 826, 'Miercuri', 9, ''),
(8246, 229, 837, 85, 1, 0, 653, 'Miercuri', 9, ''),
(8247, 231, 604, 85, 1, 0, 653, 'Joi', 9, ''),
(8248, 195, 723, 85, 1, 0, 653, 'Joi', 9, ''),
(8249, 229, 837, 111, 3, 0, 598, 'Luni', 9, ''),
(8250, 231, 604, 110, 3, 0, 598, 'Luni', 9, ''),
(8251, 195, 723, 110, 3, 0, 598, 'Luni', 9, ''),
(8252, 202, 730, 74, 3, 1, 598, 'Marti', 9, ''),
(8253, 202, 730, 74, 4, 2, 598, 'Marti', 9, ''),
(8254, 148, 596, 40, 3, 0, 598, 'Marti', 9, ''),
(8255, 137, 606, 72, 3, 0, 598, 'Marti', 9, ''),
(8256, 208, 845, 85, 1, 0, 658, 'Luni', 9, ''),
(8257, 194, 849, 85, 1, 0, 658, 'Marti', 9, ''),
(8258, 201, 620, 98, 1, 0, 658, 'Miercuri', 9, ''),
(8259, 143, 709, 51, 1, 0, 830, 'Marti', 9, ''),
(8260, 157, 707, 51, 1, 0, 830, 'Marti', 9, ''),
(8261, 132, 710, 51, 1, 0, 830, 'Joi', 9, ''),
(8262, 131, 568, 51, 1, 0, 830, 'Joi', 9, ''),
(8263, 131, 568, 77, 3, 0, 604, 'Luni', 9, ''),
(8264, 130, 710, 40, 3, 1, 604, 'Luni', 9, ''),
(8265, 190, 845, 111, 3, 2, 604, 'Luni', 9, ''),
(8266, 167, 707, 72, 4, 0, 604, 'Luni', 9, ''),
(8267, 167, 709, 72, 4, 0, 604, 'Miercuri', 9, ''),
(8268, 194, 849, 111, 3, 0, 604, 'Miercuri', 9, ''),
(8269, 201, 620, 98, 3, 0, 604, 'Miercuri', 9, ''),
(8270, 172, 824, 35, 1, 0, 663, 'Luni', 9, ''),
(8271, 157, 705, 35, 1, 0, 663, 'Luni', 9, ''),
(8272, 229, 855, 42, 1, 0, 663, 'Luni', 9, ''),
(8273, 181, 683, 36, 1, 0, 663, 'Joi', 9, ''),
(8274, 194, 854, 37, 1, 0, 663, 'Joi', 9, ''),
(8275, 201, 611, 98, 1, 0, 663, 'Vineri', 9, ''),
(8276, 181, 683, 36, 2, 0, 638, 'Joi', 9, ''),
(8277, 229, 855, 98, 4, 0, 610, 'Marti', 9, ''),
(8278, 229, 855, 111, 3, 0, 610, 'Marti', 9, ''),
(8279, 229, 855, 98, 4, 0, 637, 'Marti', 9, ''),
(8280, 229, 855, 111, 3, 0, 637, 'Marti', 9, ''),
(8281, 197, 854, 111, 3, 0, 637, 'Marti', 9, ''),
(8282, 197, 854, 98, 4, 0, 637, 'Marti', 9, ''),
(8283, 194, 854, 98, 4, 0, 610, 'Marti', 9, ''),
(8284, 194, 854, 111, 3, 0, 610, 'Marti', 9, ''),
(8285, 175, 705, 109, 4, 0, 610, 'Miercuri', 9, ''),
(8286, 175, 705, 40, 4, 0, 637, 'Miercuri', 9, ''),
(8287, 201, 611, 98, 3, 0, 637, 'Miercuri', 9, ''),
(8288, 201, 611, 98, 3, 0, 610, 'Miercuri', 9, ''),
(8289, 148, 824, 40, 3, 0, 610, 'Miercuri', 9, ''),
(8290, 148, 824, 40, 3, 0, 637, 'Miercuri', 9, ''),
(8291, 195, 660, 85, 1, 0, 664, 'Luni', 9, ''),
(8292, 231, 847, 85, 1, 0, 664, 'Luni', 9, ''),
(8293, 194, 764, 85, 1, 0, 664, 'Miercuri', 9, ''),
(8294, 194, 762, 85, 1, 0, 664, 'Miercuri', 9, ''),
(8295, 190, 621, 85, 1, 0, 664, 'Vineri', 9, ''),
(8296, 231, 847, 110, 2, 0, 639, 'Joi', 9, ''),
(8297, 190, 621, 156, 3, 0, 611, 'Marti', 9, ''),
(8298, 190, 762, 98, 4, 0, 611, 'Marti', 9, ''),
(8299, 194, 764, 111, 3, 0, 611, 'Luni', 9, ''),
(8300, 229, 764, 111, 4, 0, 611, 'Miercuri', 9, ''),
(8301, 197, 762, 111, 3, 0, 611, 'Joi', 9, ''),
(8302, 231, 660, 110, 3, 0, 611, 'Joi', 9, ''),
(8303, 72, 150, 34, 1, 0, 547, 'Joi', 9, ''),
(8304, 72, 176, 44, 1, 0, 548, 'Joi', 9, ''),
(8305, 72, 96, 44, 1, 0, 549, 'Joi', 9, ''),
(8306, 99, 200, 34, 1, 0, 547, 'Luni', 9, ''),
(8307, 99, 200, 44, 1, 0, 548, 'Miercuri', 9, ''),
(8308, 99, 113, 44, 1, 0, 549, 'Miercuri', 9, ''),
(8309, 83, 92, 34, 1, 0, 547, 'Joi', 9, ''),
(8310, 83, 92, 44, 1, 0, 548, 'Miercuri', 9, ''),
(8311, 83, 92, 44, 1, 0, 549, 'Miercuri', 9, ''),
(8312, 94, 170, 48, 1, 0, 547, 'Marti', 9, ''),
(8313, 94, 170, 44, 1, 0, 548, 'Luni', 9, ''),
(8314, 94, 221, 44, 1, 0, 549, 'Luni', 9, ''),
(8315, 107, 72, 34, 1, 0, 547, 'Joi', 9, ''),
(8316, 107, 72, 44, 1, 0, 548, 'Miercuri', 9, ''),
(8317, 107, 72, 44, 1, 0, 549, 'Miercuri', 9, ''),
(8318, 84, 133, 48, 1, 0, 547, 'Marti', 9, ''),
(8319, 84, 132, 44, 1, 0, 549, 'Joi', 9, ''),
(8320, 84, 133, 44, 1, 0, 548, 'Joi', 9, ''),
(8321, 33, 200, 11, 3, 0, 448, 'Luni', 9, ''),
(8322, 33, 200, 11, 3, 0, 449, 'Luni', 9, ''),
(8323, 47, 200, 11, 3, 0, 450, 'Miercuri', 9, ''),
(8324, 47, 200, 11, 3, 0, 451, 'Miercuri', 9, ''),
(8325, 99, 200, 11, 3, 0, 452, 'Luni', 9, ''),
(8326, 99, 200, 11, 3, 0, 453, 'Luni', 9, ''),
(8327, 331, 200, 11, 3, 0, 454, 'Marti', 9, ''),
(8328, 331, 200, 11, 3, 0, 455, 'Marti', 9, ''),
(8329, 331, 113, 11, 3, 0, 456, 'Joi', 9, ''),
(8330, 331, 113, 11, 3, 0, 457, 'Joi', 9, ''),
(8331, 10, 92, 2, 3, 0, 448, 'Luni', 9, ''),
(8332, 83, 92, 2, 3, 0, 449, 'Luni', 9, ''),
(8333, 95, 92, 2, 3, 0, 450, 'Miercuri', 9, ''),
(8334, 95, 92, 2, 3, 0, 451, 'Miercuri', 9, ''),
(8335, 95, 92, 2, 3, 0, 452, 'Miercuri', 9, ''),
(8336, 83, 92, 2, 3, 0, 453, 'Luni', 9, ''),
(8337, 10, 92, 2, 3, 0, 454, 'Marti', 9, ''),
(8338, 10, 92, 2, 3, 0, 455, 'Marti', 9, ''),
(8339, 83, 92, 2, 3, 0, 456, 'Joi', 9, ''),
(8340, 83, 92, 2, 3, 0, 457, 'Joi', 9, ''),
(8341, 93, 150, 8, 3, 0, 448, 'Miercuri', 9, ''),
(8342, 95, 150, 8, 3, 0, 449, 'Luni', 9, ''),
(8343, 93, 150, 8, 3, 0, 450, 'Miercuri', 9, ''),
(8344, 21, 150, 8, 3, 0, 451, 'Miercuri', 9, ''),
(8345, 21, 150, 68, 3, 0, 452, 'Marti', 9, ''),
(8346, 95, 150, 8, 3, 0, 453, 'Marti', 9, ''),
(8347, 93, 176, 8, 3, 0, 454, 'Luni', 9, ''),
(8348, 93, 176, 8, 3, 0, 455, 'Luni', 9, ''),
(8349, 95, 96, 8, 3, 0, 456, 'Marti', 9, ''),
(8350, 95, 96, 8, 3, 0, 457, 'Marti', 9, ''),
(8351, 30, 170, 15, 3, 0, 448, 'Marti', 9, ''),
(8352, 30, 170, 15, 3, 0, 449, 'Marti', 9, ''),
(8353, 61, 170, 10, 3, 1, 450, 'Marti', 9, ''),
(8354, 61, 170, 10, 3, 2, 451, 'Marti', 9, ''),
(8355, 30, 170, 15, 3, 2, 452, 'Miercuri', 9, ''),
(8356, 30, 170, 15, 3, 1, 453, 'Miercuri', 9, ''),
(8357, 30, 170, 15, 3, 0, 454, 'Luni', 9, ''),
(8358, 30, 170, 15, 3, 0, 455, 'Luni', 9, ''),
(8359, 64, 221, 15, 3, 0, 456, 'Marti', 9, ''),
(8360, 64, 221, 15, 3, 0, 457, 'Marti', 9, ''),
(8361, 26, 221, 14, 4, 1, 457, 'Marti', 9, ''),
(8362, 26, 221, 14, 4, 1, 456, 'Marti', 9, ''),
(8363, 26, 170, 14, 4, 2, 455, 'Marti', 9, ''),
(8364, 26, 170, 14, 4, 1, 454, 'Marti', 9, ''),
(8365, 26, 170, 14, 4, 2, 448, 'Vineri', 9, ''),
(8366, 26, 170, 14, 4, 1, 449, 'Vineri', 9, ''),
(8367, 26, 170, 14, 4, 1, 450, 'Vineri', 9, ''),
(8368, 26, 170, 15, 4, 2, 451, 'Joi', 9, ''),
(8369, 26, 170, 15, 4, 1, 453, 'Joi', 9, ''),
(8370, 26, 170, 14, 4, 2, 452, 'Vineri', 9, ''),
(8371, 9, 72, 6, 3, 0, 448, 'Vineri', 9, ''),
(8372, 9, 72, 6, 3, 0, 449, 'Vineri', 9, ''),
(8373, 119, 72, 188, 3, 2, 450, 'Marti', 9, ''),
(8374, 119, 72, 188, 3, 1, 451, 'Marti', 9, ''),
(8375, 42, 72, 188, 3, 1, 452, 'Miercuri', 9, ''),
(8376, 42, 72, 188, 3, 2, 453, 'Miercuri', 9, ''),
(8377, 287, 72, 188, 3, 2, 454, 'Joi', 9, ''),
(8378, 287, 72, 188, 3, 1, 455, 'Joi', 9, ''),
(8379, 15, 72, 188, 3, 2, 456, 'Luni', 9, ''),
(8380, 15, 72, 188, 3, 1, 457, 'Luni', 9, ''),
(8381, 294, 133, 45, 3, 0, 448, 'Marti', 9, ''),
(8382, 294, 133, 45, 3, 0, 449, 'Marti', 9, ''),
(8383, 294, 133, 45, 3, 0, 450, 'Miercuri', 9, ''),
(8384, 294, 133, 45, 3, 0, 451, 'Miercuri', 9, ''),
(8385, 84, 133, 45, 3, 0, 452, 'Miercuri', 9, ''),
(8386, 84, 133, 45, 3, 0, 453, 'Miercuri', 9, ''),
(8387, 111, 133, 45, 3, 0, 454, 'Marti', 9, ''),
(8388, 111, 133, 54, 3, 0, 455, 'Marti', 9, ''),
(8389, 111, 132, 45, 3, 0, 456, 'Luni', 9, ''),
(8390, 111, 132, 45, 3, 0, 457, 'Luni', 9, ''),
(8391, 309, 906, 44, 2, 1, 515, 'Luni', 9, ''),
(8392, 309, 906, 44, 2, 1, 516, 'Luni', 9, ''),
(8393, 309, 906, 44, 2, 1, 518, 'Luni', 9, ''),
(8394, 309, 906, 44, 2, 1, 456, 'Luni', 9, ''),
(8395, 256, 905, 36, 2, 2, 515, 'Vineri', 9, ''),
(8396, 256, 905, 33, 2, 1, 516, 'Joi', 9, ''),
(8397, 256, 905, 33, 2, 2, 517, 'Joi', 9, ''),
(8398, 326, 905, 37, 2, 2, 518, 'Marti', 9, ''),
(8399, 326, 905, 37, 2, 1, 519, 'Marti', 9, ''),
(8400, 1, 30, 38, 1, 0, 550, 'Marti', 9, ''),
(8401, 1, 30, 38, 1, 0, 551, 'Marti', 9, ''),
(8402, 96, 197, 34, 1, 0, 550, 'Miercuri', 9, ''),
(8403, 96, 197, 34, 1, 0, 551, 'Miercuri', 9, ''),
(8404, 96, 28, 34, 1, 0, 552, 'Miercuri', 9, ''),
(8405, 87, 201, 34, 1, 0, 550, 'Miercuri', 9, ''),
(8406, 87, 201, 34, 1, 0, 551, 'Miercuri', 9, ''),
(8407, 87, 201, 34, 1, 0, 552, 'Miercuri', 9, ''),
(8408, 94, 106, 34, 1, 0, 550, 'Miercuri', 9, ''),
(8409, 94, 106, 34, 1, 0, 551, 'Miercuri', 9, ''),
(8410, 94, 105, 34, 1, 0, 552, 'Miercuri', 9, ''),
(8411, 114, 179, 37, 1, 0, 550, 'Luni', 9, ''),
(8412, 114, 179, 37, 1, 0, 551, 'Luni', 9, ''),
(8413, 82, 149, 37, 1, 2, 550, 'Luni', 9, ''),
(8414, 82, 196, 37, 1, 2, 463, 'Luni', 9, ''),
(8415, 99, 181, 37, 1, 1, 550, 'Luni', 9, ''),
(8416, 99, 195, 37, 1, 1, 551, 'Luni', 9, ''),
(8417, 159, 126, 38, 1, 0, 550, 'Marti', 9, ''),
(8418, 159, 126, 38, 1, 0, 551, 'Marti', 9, ''),
(8419, 1, 30, 7, 3, 2, 458, 'Joi', 9, ''),
(8420, 1, 30, 7, 3, 1, 459, 'Joi', 9, ''),
(8421, 1, 30, 7, 3, 2, 460, 'Joi', 9, ''),
(8422, 1, 30, 7, 3, 2, 461, 'Joi', 9, ''),
(8423, 1, 30, 7, 3, 1, 462, 'Joi', 9, ''),
(8424, 1, 30, 7, 3, 1, 463, 'Joi', 9, ''),
(8425, 3, 30, 7, 4, 2, 458, 'Luni', 9, ''),
(8426, 3, 30, 7, 4, 2, 459, 'Marti', 9, ''),
(8427, 3, 30, 7, 4, 2, 460, 'Marti', 9, ''),
(8428, 3, 30, 7, 4, 2, 461, 'Marti', 9, ''),
(8429, 3, 30, 7, 4, 2, 462, 'Luni', 9, ''),
(8430, 3, 30, 7, 4, 2, 463, 'Luni', 9, ''),
(8431, 62, 197, 12, 3, 0, 458, 'Miercuri', 9, ''),
(8432, 62, 197, 13, 3, 0, 459, 'Marti', 9, ''),
(8433, 62, 197, 12, 3, 0, 460, 'Miercuri', 9, ''),
(8434, 332, 197, 12, 3, 0, 461, 'Joi', 9, ''),
(8435, 62, 197, 12, 3, 0, 462, 'Luni', 9, ''),
(8436, 62, 197, 13, 3, 0, 463, 'Marti', 9, ''),
(8437, 332, 28, 12, 3, 2, 464, 'Joi', 9, ''),
(8438, 96, 28, 39, 2, 2, 464, 'Luni', 9, ''),
(8439, 97, 201, 14, 3, 0, 458, 'Luni', 9, ''),
(8440, 97, 201, 14, 3, 0, 459, 'Luni', 9, ''),
(8441, 28, 201, 8, 3, 0, 460, 'Marti', 9, ''),
(8442, 28, 201, 14, 3, 0, 461, 'Joi', 9, ''),
(8443, 26, 201, 14, 3, 0, 462, 'Marti', 9, ''),
(8444, 26, 201, 14, 3, 0, 463, 'Marti', 9, ''),
(8445, 26, 201, 14, 3, 0, 464, 'Luni', 9, ''),
(8446, 12, 106, 15, 3, 0, 458, 'Luni', 9, ''),
(8447, 12, 106, 15, 3, 0, 459, 'Luni', 9, ''),
(8448, 12, 106, 14, 3, 0, 460, 'Joi', 9, ''),
(8449, 12, 106, 14, 3, 0, 461, 'Joi', 9, ''),
(8450, 12, 106, 14, 3, 0, 462, 'Joi', 9, ''),
(8451, 12, 106, 14, 3, 0, 463, 'Joi', 9, ''),
(8452, 12, 105, 14, 3, 0, 464, 'Joi', 9, ''),
(8453, 112, 106, 8, 4, 2, 458, 'Joi', 9, ''),
(8454, 112, 106, 8, 4, 1, 459, 'Joi', 9, ''),
(8455, 112, 106, 8, 4, 2, 460, 'Joi', 9, ''),
(8456, 112, 106, 8, 4, 1, 461, 'Joi', 9, ''),
(8457, 112, 106, 8, 4, 1, 462, 'Joi', 9, ''),
(8458, 112, 106, 8, 4, 2, 463, 'Joi', 9, ''),
(8459, 27, 179, 68, 3, 0, 458, 'Joi', 9, ''),
(8460, 27, 179, 68, 3, 0, 460, 'Joi', 9, ''),
(8461, 307, 179, 68, 3, 0, 459, 'Luni', 9, ''),
(8462, 27, 179, 68, 3, 0, 461, 'Marti', 9, ''),
(8463, 27, 179, 68, 3, 0, 462, 'Marti', 9, ''),
(8464, 38, 179, 68, 3, 0, 463, 'Miercuri', 9, ''),
(8465, 82, 907, 53, 3, 2, 521, 'Luni', 9, ''),
(8466, 82, 196, 53, 3, 1, 463, 'Luni', 9, ''),
(8467, 26, 181, 10, 3, 1, 458, 'Joi', 9, ''),
(8468, 26, 181, 10, 3, 1, 459, 'Joi', 9, ''),
(8469, 26, 181, 10, 3, 1, 460, 'Joi', 9, ''),
(8470, 26, 195, 15, 3, 2, 462, 'Joi', 9, ''),
(8471, 82, 907, 53, 3, 1, 520, 'Luni', 9, ''),
(8472, 83, 172, 9, 1, 0, 552, 'Joi', 9, ''),
(8473, 10, 172, 2, 3, 0, 464, 'Luni', 9, ''),
(8474, 103, 68, 9, 1, 0, 552, 'Luni', 9, ''),
(8475, 10, 68, 15, 3, 0, 464, 'Joi', 9, ''),
(8476, 114, 122, 42, 1, 0, 552, 'Vineri', 9, ''),
(8477, 114, 122, 10, 3, 1, 464, 'Luni', 9, ''),
(8478, 175, 124, 42, 1, 0, 552, 'Vineri', 9, ''),
(8479, 222, 572, 176, 1, 0, 667, 'Marti', 9, ''),
(8480, 222, 572, 176, 3, 0, 667, 'Marti', 9, ''),
(8481, 222, 976, 176, 3, 0, 665, 'Luni', 9, ''),
(8482, 222, 976, 176, 1, 0, 665, 'Luni', 9, ''),
(8483, 206, 979, 277, 1, 0, 665, 'Marti', 9, ''),
(8484, 206, 979, 277, 3, 0, 665, 'Marti', 9, ''),
(8485, 188, 975, 176, 3, 0, 665, 'Miercuri', 9, ''),
(8486, 188, 975, 176, 1, 0, 665, 'Miercuri', 9, ''),
(8487, 196, 980, 70, 1, 0, 665, 'Joi', 9, ''),
(8488, 196, 980, 70, 3, 0, 665, 'Joi', 9, ''),
(8489, 196, 826, 1, 3, 0, 667, 'Luni', 9, ''),
(8490, 196, 826, 1, 1, 0, 667, 'Luni', 9, ''),
(8491, 219, 622, 99, 1, 0, 667, 'Miercuri', 9, ''),
(8492, 219, 622, 99, 3, 0, 667, 'Miercuri', 9, ''),
(8493, 228, 746, 99, 3, 0, 667, 'Joi', 9, ''),
(8494, 228, 746, 99, 1, 0, 667, 'Joi', 9, ''),
(8495, 96, 32, 48, 1, 0, 553, 'Luni', 9, ''),
(8496, 114, 16, 48, 1, 0, 553, 'Miercuri', 9, ''),
(8497, 114, 16, 48, 1, 0, 554, 'Miercuri', 9, ''),
(8498, 112, 89, 48, 1, 0, 553, 'Luni', 9, ''),
(8499, 112, 208, 48, 1, 0, 554, 'Luni', 9, ''),
(8500, 113, 24, 48, 1, 0, 553, 'Miercuri', 9, ''),
(8501, 113, 104, 48, 1, 0, 554, 'Miercuri', 9, ''),
(8502, 96, 142, 9, 1, 0, 525, 'Miercuri', 9, ''),
(8503, 1, 33, 36, 1, 0, 554, 'Marti', 9, ''),
(8504, 96, 32, 12, 3, 0, 465, 'Marti', 9, ''),
(8505, 96, 32, 12, 3, 0, 466, 'Luni', 9, ''),
(8506, 96, 32, 12, 3, 0, 467, 'Marti', 9, ''),
(8507, 96, 32, 12, 3, 0, 468, 'Marti', 9, ''),
(8508, 96, 32, 12, 3, 0, 469, 'Marti', 9, ''),
(8509, 79, 32, 12, 3, 0, 470, 'Joi', 9, ''),
(8510, 97, 16, 3, 3, 0, 465, 'Vineri', 9, ''),
(8511, 97, 16, 3, 3, 0, 466, 'Miercuri', 9, ''),
(8513, 97, 16, 3, 3, 0, 468, 'Miercuri', 9, ''),
(8514, 97, 16, 56, 3, 0, 469, 'Marti', 9, ''),
(8515, 97, 16, 3, 3, 0, 470, 'Vineri', 9, ''),
(8516, 324, 16, 3, 3, 0, 471, 'Marti', 9, ''),
(8517, 324, 16, 3, 3, 0, 472, 'Marti', 9, ''),
(8518, 118, 89, 10, 3, 0, 465, 'Vineri', 9, ''),
(8519, 118, 89, 68, 3, 0, 466, 'Luni', 9, ''),
(8520, 118, 89, 10, 3, 0, 467, 'Joi', 9, ''),
(8521, 118, 89, 10, 3, 0, 468, 'Joi', 9, ''),
(8522, 118, 89, 10, 3, 0, 469, 'Marti', 9, ''),
(8523, 118, 89, 10, 3, 0, 470, 'Joi', 9, ''),
(8524, 118, 208, 10, 3, 0, 471, 'Marti', 9, ''),
(8525, 118, 208, 10, 3, 0, 472, 'Vineri', 9, ''),
(8526, 65, 24, 2, 3, 0, 465, 'Marti', 9, ''),
(8527, 65, 24, 68, 3, 0, 466, 'Miercuri', 9, ''),
(8528, 65, 24, 68, 3, 0, 467, 'Joi', 9, ''),
(8529, 65, 24, 68, 3, 0, 468, 'Joi', 9, ''),
(8530, 65, 24, 2, 3, 0, 469, 'Marti', 9, ''),
(8531, 65, 24, 2, 3, 0, 470, 'Vineri', 9, ''),
(8532, 65, 104, 68, 3, 0, 471, 'Miercuri', 9, ''),
(8533, 65, 104, 2, 3, 0, 472, 'Vineri', 9, ''),
(8534, 79, 141, 12, 3, 0, 553, 'Joi', 9, ''),
(8535, 79, 206, 12, 3, 0, 472, 'Joi', 9, ''),
(8536, 97, 16, 68, 3, 0, 467, 'Marti', 9, ''),
(8537, 96, 206, 9, 1, 0, 472, 'Miercuri', 9, ''),
(8538, 313, 33, 13, 3, 0, 471, 'Joi', 9, ''),
(8539, 313, 33, 13, 3, 0, 472, 'Vineri', 9, ''),
(8540, 101, 144, 9, 1, 0, 555, 'Marti', 9, ''),
(8541, 101, 144, 9, 1, 1, 555, 'Miercuri', 9, ''),
(8542, 88, 107, 9, 1, 0, 555, 'Marti', 9, ''),
(8543, 15, 35, 9, 1, 0, 555, 'Miercuri', 9, ''),
(8544, 101, 144, 13, 3, 0, 473, 'Joi', 9, ''),
(8545, 101, 144, 13, 3, 0, 474, 'Joi', 9, ''),
(8546, 51, 107, 68, 3, 0, 474, 'Vineri', 9, ''),
(8547, 51, 107, 68, 3, 0, 473, 'Vineri', 9, ''),
(8548, 67, 35, 7, 3, 0, 473, 'Joi', 9, ''),
(8549, 67, 35, 7, 3, 0, 474, 'Joi', 9, ''),
(8550, 53, 35, 7, 4, 0, 474, 'Vineri', 9, ''),
(8551, 53, 35, 7, 4, 0, 473, 'Vineri', 9, ''),
(8552, 112, 34, 35, 1, 0, 556, 'Marti', 9, ''),
(8553, 112, 34, 35, 3, 0, 556, 'Marti', 9, ''),
(8554, 83, 9, 37, 1, 1, 556, 'Miercuri', 9, ''),
(8555, 83, 9, 10, 3, 2, 556, 'Miercuri', 9, ''),
(8556, 87, 7, 9, 1, 0, 556, 'Luni', 9, ''),
(8557, 87, 7, 10, 3, 0, 475, 'Luni', 9, ''),
(8558, 99, 148, 51, 1, 0, 556, 'Joi', 9, ''),
(8559, 99, 148, 15, 3, 1, 556, 'Joi', 9, ''),
(8560, 99, 148, 15, 4, 2, 556, 'Joi', 9, ''),
(8561, 99, 123, 51, 1, 0, 558, 'Joi', 9, ''),
(8562, 99, 123, 14, 3, 2, 558, 'Miercuri', 9, ''),
(8563, 99, 123, 14, 4, 2, 558, 'Miercuri', 9, ''),
(8564, 86, 8, 42, 1, 0, 558, 'Marti', 9, ''),
(8565, 18, 8, 3, 3, 0, 558, 'Luni', 9, ''),
(8566, 97, 15, 14, 1, 1, 558, 'Miercuri', 9, ''),
(8567, 97, 15, 14, 3, 1, 558, 'Miercuri', 9, ''),
(8568, 98, 82, 57, 1, 0, 558, 'Marti', 9, ''),
(8569, 98, 82, 57, 3, 0, 558, 'Joi', 9, ''),
(8570, 103, 39, 271, 1, 0, 560, 'Miercuri', 9, ''),
(8571, 103, 39, 271, 3, 0, 560, 'Miercuri', 9, ''),
(8572, 87, 175, 38, 1, 0, 560, 'Joi', 9, ''),
(8573, 87, 175, 8, 3, 1, 560, 'Joi', 9, ''),
(8574, 87, 175, 8, 4, 2, 560, 'Joi', 9, ''),
(8575, 105, 215, 33, 1, 2, 560, 'Marti', 9, ''),
(8576, 105, 215, 5, 3, 2, 560, 'Marti', 9, ''),
(8577, 86, 183, 33, 1, 0, 560, 'Luni', 9, ''),
(8578, 18, 183, 3, 3, 0, 560, 'Luni', 9, ''),
(8579, 94, 20, 51, 1, 1, 561, 'Miercuri', 9, ''),
(8580, 12, 20, 13, 3, 0, 561, 'Luni', 9, ''),
(8581, 72, 94, 9, 1, 0, 561, 'Marti', 9, ''),
(8582, 72, 94, 8, 3, 0, 561, 'Marti', 9, ''),
(8583, 72, 94, 8, 4, 0, 561, 'Vineri', 9, ''),
(8584, 94, 232, 9, 1, 0, 561, 'Joi', 9, ''),
(8585, 94, 232, 9, 3, 0, 561, 'Joi', 9, ''),
(8586, 3, 139, 51, 1, 2, 561, 'Miercuri', 9, ''),
(8587, 17, 139, 7, 3, 0, 561, 'Vineri', 9, ''),
(8588, 87, 1014, 34, 1, 0, 544, 'Marti', 9, ''),
(8589, 87, 1014, 34, 1, 0, 545, 'Marti', 9, ''),
(8590, 87, 1014, 34, 1, 0, 546, 'Marti', 9, ''),
(8591, 239, 901, 48, 1, 0, 544, 'Joi', 9, ''),
(8592, 235, 901, 34, 1, 0, 545, 'Luni', 9, ''),
(8593, 235, 901, 34, 1, 0, 546, 'Luni', 9, ''),
(8594, 110, 74, 34, 1, 0, 544, 'Marti', 9, ''),
(8595, 110, 74, 34, 1, 0, 545, 'Luni', 9, ''),
(8596, 110, 74, 34, 1, 0, 546, 'Luni', 9, ''),
(8597, 107, 174, 34, 1, 0, 544, 'Miercuri', 9, ''),
(8598, 107, 174, 34, 1, 0, 545, 'Marti', 9, ''),
(8599, 107, 19, 34, 1, 0, 546, 'Marti', 9, ''),
(8600, 270, 902, 34, 1, 0, 544, 'Vineri', 9, ''),
(8601, 270, 902, 34, 1, 0, 545, 'Joi', 9, ''),
(8602, 270, 902, 34, 1, 0, 546, 'Joi', 9, ''),
(8603, 115, 218, 34, 1, 1, 544, 'Vineri', 9, ''),
(8604, 115, 218, 34, 1, 1, 545, 'Joi', 9, ''),
(8605, 115, 218, 34, 1, 1, 546, 'Joi', 9, ''),
(8606, 317, 218, 34, 1, 2, 546, 'Joi', 9, ''),
(8607, 317, 218, 34, 1, 2, 545, 'Joi', 9, ''),
(8608, 317, 218, 34, 1, 2, 544, 'Vineri', 9, ''),
(8609, 91, 1014, 136, 3, 0, 436, 'Luni', 9, ''),
(8610, 91, 1014, 136, 3, 0, 437, 'Luni', 9, ''),
(8611, 91, 1014, 136, 3, 0, 438, 'Joi', 9, ''),
(8612, 91, 1014, 136, 3, 0, 439, 'Luni', 9, ''),
(8613, 91, 1014, 136, 3, 0, 440, 'Luni', 9, ''),
(8614, 26, 1014, 15, 3, 0, 441, 'Joi', 9, ''),
(8615, 90, 1014, 2, 3, 0, 442, 'Joi', 9, ''),
(8616, 90, 1014, 2, 3, 0, 443, 'Miercuri', 9, ''),
(8617, 28, 1014, 2, 3, 0, 444, 'Miercuri', 9, ''),
(8618, 90, 1014, 2, 3, 0, 445, 'Joi', 9, ''),
(8619, 28, 1014, 2, 3, 0, 446, 'Miercuri', 9, ''),
(8620, 26, 1014, 14, 3, 0, 447, 'Luni', 9, ''),
(8621, 254, 901, 48, 2, 0, 508, 'Joi', 9, ''),
(8622, 254, 901, 48, 2, 0, 509, 'Joi', 9, ''),
(8623, 254, 901, 34, 2, 0, 510, 'Miercuri', 9, ''),
(8624, 235, 901, 44, 2, 0, 511, 'Miercuri', 9, ''),
(8625, 235, 901, 44, 2, 0, 512, 'Miercuri', 9, ''),
(8626, 235, 901, 44, 2, 0, 514, 'Miercuri', 9, ''),
(8627, 235, 901, 44, 2, 0, 513, 'Miercuri', 9, ''),
(8628, 333, 74, 34, 2, 1, 508, 'Luni', 9, ''),
(8629, 333, 74, 34, 2, 2, 509, 'Luni', 9, ''),
(8630, 333, 74, 34, 2, 1, 510, 'Vineri', 9, ''),
(8631, 56, 74, 35, 2, 2, 511, 'Joi', 9, ''),
(8632, 56, 74, 35, 2, 2, 513, 'Joi', 9, ''),
(8633, 56, 74, 37, 2, 2, 512, 'Miercuri', 9, ''),
(8634, 56, 74, 37, 2, 2, 514, 'Miercuri', 9, ''),
(8635, 333, 74, 43, 3, 1, 436, 'Miercuri', 9, ''),
(8636, 333, 74, 43, 3, 2, 437, 'Miercuri', 9, ''),
(8637, 333, 74, 43, 3, 1, 438, 'Luni', 9, ''),
(8638, 333, 74, 43, 3, 2, 439, 'Luni', 9, ''),
(8639, 333, 74, 43, 3, 1, 440, 'Joi', 9, ''),
(8640, 333, 74, 43, 3, 2, 441, 'Joi', 9, ''),
(8641, 54, 74, 43, 3, 2, 442, 'Miercuri', 9, ''),
(8642, 54, 74, 43, 3, 1, 443, 'Miercuri', 9, ''),
(8643, 54, 74, 43, 3, 1, 444, 'Miercuri', 9, ''),
(8644, 58, 74, 43, 3, 1, 445, 'Luni', 9, ''),
(8645, 58, 74, 43, 3, 2, 446, 'Luni', 9, ''),
(8646, 58, 74, 43, 3, 1, 447, 'Joi', 9, ''),
(8647, 288, 174, 6, 3, 0, 436, 'Joi', 9, ''),
(8648, 288, 174, 6, 3, 0, 437, 'Joi', 9, ''),
(8649, 54, 174, 6, 3, 0, 438, 'Marti', 9, ''),
(8650, 54, 174, 6, 3, 0, 439, 'Marti', 9, ''),
(8651, 58, 174, 6, 3, 0, 440, 'Vineri', 9, ''),
(8652, 58, 174, 6, 3, 0, 441, 'Vineri', 9, ''),
(8653, 334, 174, 6, 3, 0, 442, 'Miercuri', 9, ''),
(8654, 334, 174, 6, 3, 0, 443, 'Miercuri', 9, ''),
(8655, 335, 174, 6, 3, 0, 444, 'Luni', 9, ''),
(8656, 56, 19, 6, 3, 0, 445, 'Luni', 9, ''),
(8657, 56, 19, 6, 3, 0, 446, 'Luni', 9, ''),
(8658, 190, 19, 6, 3, 0, 447, 'Joi', 9, ''),
(8659, 243, 902, 54, 3, 0, 436, 'Luni', 9, ''),
(8660, 243, 902, 54, 3, 0, 437, 'Luni', 9, ''),
(8661, 243, 902, 54, 3, 0, 438, 'Luni', 9, ''),
(8662, 243, 902, 54, 3, 0, 439, 'Luni', 9, ''),
(8663, 243, 902, 54, 3, 0, 440, 'Luni', 9, ''),
(8664, 243, 902, 54, 3, 0, 441, 'Marti', 9, ''),
(8665, 243, 902, 54, 3, 0, 444, 'Marti', 9, ''),
(8666, 336, 902, 54, 3, 0, 442, 'Miercuri', 9, ''),
(8667, 336, 902, 54, 3, 0, 443, 'Joi', 9, ''),
(8668, 336, 902, 54, 3, 0, 445, 'Joi', 9, ''),
(8669, 336, 902, 54, 3, 0, 446, 'Miercuri', 9, ''),
(8670, 336, 902, 54, 3, 0, 447, 'Miercuri', 9, ''),
(8671, 328, 903, 33, 2, 0, 511, 'Luni', 9, ''),
(8672, 328, 903, 42, 2, 0, 512, 'Miercuri', 9, ''),
(8673, 328, 903, 42, 2, 0, 514, 'Miercuri', 9, ''),
(8674, 328, 903, 33, 2, 0, 513, 'Miercuri', 9, ''),
(8675, 306, 903, 33, 2, 0, 508, 'Joi', 9, ''),
(8676, 306, 903, 33, 2, 0, 509, 'Miercuri', 9, ''),
(8677, 306, 903, 114, 2, 0, 510, 'Luni', 9, ''),
(8678, 165, 462, 129, 1, 2, 776, 'Vineri', 9, ''),
(8679, 165, 462, 129, 3, 2, 776, 'Vineri', 9, ''),
(8680, 165, 462, 129, 2, 2, 776, 'Vineri', 9, ''),
(8681, 147, 299, 279, 1, 1, 776, 'Marti', 9, ''),
(8682, 147, 299, 120, 1, 1, 776, 'Miercuri', 9, ''),
(8683, 147, 299, 120, 1, 2, 776, 'Miercuri', 9, ''),
(8684, 147, 299, 120, 2, 1, 776, 'Marti', 9, ''),
(8685, 147, 299, 279, 2, 2, 776, 'Marti', 9, ''),
(8686, 152, 366, 138, 1, 1, 776, 'Miercuri', 9, ''),
(8687, 184, 366, 138, 1, 2, 776, 'Miercuri', 9, ''),
(8688, 146, 315, 129, 1, 0, 776, 'Joi', 9, ''),
(8689, 146, 315, 129, 3, 0, 776, 'Joi', 9, ''),
(8690, 273, 901, 37, 2, 1, 534, 'Luni', 9, ''),
(8691, 333, 225, 43, 2, 2, 534, 'Luni', 9, ''),
(8692, 115, 217, 37, 1, 1, 562, 'Luni', 9, ''),
(8693, 317, 217, 37, 1, 2, 562, 'Luni', 9, ''),
(8694, 193, 92, 37, 1, 0, 562, 'Luni', 9, ''),
(8695, 230, 92, 78, 3, 0, 481, 'Luni', 9, ''),
(8696, 230, 92, 78, 3, 0, 482, 'Luni', 9, ''),
(8697, 212, 135, 59, 3, 0, 481, 'Marti', 9, ''),
(8698, 212, 135, 59, 3, 0, 482, 'Marti', 9, ''),
(8699, 91, 163, 136, 3, 0, 482, 'Marti', 9, ''),
(8700, 91, 163, 136, 3, 0, 481, 'Marti', 9, ''),
(8701, 333, 225, 43, 3, 1, 481, 'Marti', 9, ''),
(8702, 333, 225, 43, 3, 2, 482, 'Marti', 9, ''),
(8703, 91, 163, 36, 1, 0, 562, 'Miercuri', 9, ''),
(8704, 273, 901, 36, 1, 0, 562, 'Miercuri', 9, ''),
(8705, 212, 135, 32, 1, 0, 562, 'Joi', 9, ''),
(8706, 110, 225, 32, 1, 0, 562, 'Joi', 9, ''),
(8707, 304, 903, 36, 2, 0, 534, 'Vineri', 9, ''),
(8708, 92, 41, 43, 2, 1, 535, 'Luni', 9, ''),
(8709, 273, 901, 37, 2, 2, 535, 'Luni', 9, ''),
(8710, 115, 217, 37, 1, 1, 563, 'Luni', 9, ''),
(8711, 317, 217, 37, 1, 2, 563, 'Luni', 9, ''),
(8712, 193, 92, 37, 1, 0, 563, 'Luni', 9, ''),
(8713, 91, 165, 54, 3, 0, 483, 'Marti', 9, ''),
(8714, 91, 165, 54, 3, 0, 484, 'Marti', 9, ''),
(8715, 230, 92, 78, 3, 0, 484, 'Marti', 9, ''),
(8716, 230, 92, 78, 3, 0, 483, 'Marti', 9, ''),
(8717, 91, 165, 36, 1, 0, 563, 'Miercuri', 9, ''),
(8718, 273, 901, 36, 1, 0, 563, 'Miercuri', 9, ''),
(8719, 109, 64, 50, 3, 0, 483, 'Miercuri', 9, ''),
(8720, 110, 41, 32, 1, 0, 563, 'Joi', 9, ''),
(8721, 333, 41, 43, 3, 1, 483, 'Joi', 9, ''),
(8722, 333, 41, 43, 3, 2, 484, 'Joi', 9, ''),
(8723, 304, 903, 36, 2, 0, 535, 'Vineri', 9, ''),
(8724, 109, 64, 50, 1, 0, 563, 'Vineri', 9, ''),
(8725, 109, 64, 50, 3, 0, 484, 'Vineri', 9, ''),
(8726, 309, 906, 44, 2, 1, 536, 'Luni', 9, ''),
(8727, 127, 453, 37, 1, 1, 806, 'Miercuri', 9, ''),
(8728, 193, 280, 37, 1, 0, 759, 'Miercuri', 9, ''),
(8729, 212, 403, 37, 1, 0, 759, 'Miercuri', 9, ''),
(8730, 100, 99, 44, 1, 0, 564, 'Luni', 9, ''),
(8731, 125, 490, 37, 1, 0, 759, 'Miercuri', 9, ''),
(8732, 107, 204, 44, 1, 0, 564, 'Luni', 9, ''),
(8733, 108, 231, 44, 1, 0, 564, 'Luni', 9, ''),
(8734, 111, 127, 54, 3, 0, 485, 'Miercuri', 9, ''),
(8735, 256, 910, 114, 2, 0, 727, 'Luni', 9, ''),
(8736, 200, 136, 69, 1, 0, 564, 'Miercuri', 9, ''),
(8737, 111, 127, 56, 1, 0, 564, 'Miercuri', 9, ''),
(8738, 221, 403, 59, 2, 0, 727, 'Luni', 9, ''),
(8739, 200, 136, 69, 3, 2, 485, 'Miercuri', 9, ''),
(8740, 221, 403, 59, 2, 0, 728, 'Luni', 9, ''),
(8741, 159, 395, 80, 2, 0, 728, 'Luni', 9, ''),
(8742, 159, 395, 80, 2, 0, 727, 'Luni', 9, ''),
(8743, 190, 204, 6, 4, 1, 485, 'Joi', 9, ''),
(8744, 190, 204, 6, 3, 0, 485, 'Joi', 9, ''),
(8745, 111, 127, 56, 4, 2, 485, 'Joi', 9, ''),
(8746, 254, 909, 36, 2, 1, 727, 'Luni', 9, ''),
(8747, 254, 909, 36, 2, 2, 728, 'Luni', 9, ''),
(8748, 108, 193, 55, 1, 0, 564, 'Joi', 9, ''),
(8749, 73, 193, 54, 3, 0, 485, 'Joi', 9, ''),
(8750, 255, 911, 233, 2, 1, 728, 'Marti', 9, ''),
(8751, 255, 911, 233, 2, 2, 727, 'Marti', 9, ''),
(8752, 100, 99, 13, 3, 0, 485, 'Vineri', 9, ''),
(8753, 34, 231, 53, 3, 0, 485, 'Vineri', 9, ''),
(8754, 304, 905, 36, 2, 1, 536, 'Vineri', 9, ''),
(8755, 145, 249, 35, 2, 1, 727, 'Joi', 9, ''),
(8756, 145, 249, 35, 2, 2, 728, 'Joi', 9, ''),
(8757, 309, 906, 44, 2, 0, 537, 'Luni', 9, ''),
(8758, 193, 280, 82, 3, 0, 681, 'Marti', 9, ''),
(8759, 193, 280, 82, 3, 0, 682, 'Marti', 9, ''),
(8760, 193, 280, 82, 3, 0, 683, 'Marti', 9, ''),
(8761, 100, 167, 44, 1, 0, 565, 'Luni', 9, ''),
(8762, 107, 52, 44, 1, 0, 565, 'Luni', 9, ''),
(8763, 108, 46, 44, 1, 0, 565, 'Luni', 9, ''),
(8764, 125, 490, 139, 3, 1, 683, 'Marti', 9, ''),
(8765, 125, 490, 139, 3, 2, 681, 'Marti', 9, ''),
(8766, 125, 490, 139, 3, 1, 682, 'Marti', 9, ''),
(8767, 109, 51, 50, 3, 0, 486, 'Marti', 9, ''),
(8768, 36, 216, 50, 3, 0, 486, 'Marti', 9, ''),
(8769, 127, 453, 86, 3, 2, 683, 'Marti', 9, ''),
(8770, 82, 216, 50, 1, 0, 565, 'Marti', 9, ''),
(8771, 127, 453, 86, 3, 2, 681, 'Miercuri', 9, ''),
(8772, 316, 52, 53, 3, 0, 486, 'Miercuri', 9, ''),
(8773, 127, 453, 86, 3, 2, 682, 'Marti', 9, ''),
(8774, 316, 52, 53, 4, 1, 486, 'Miercuri', 9, ''),
(8775, 98, 229, 57, 3, 2, 486, 'Joi', 9, ''),
(8776, 109, 51, 50, 1, 0, 486, 'Joi', 9, ''),
(8777, 98, 229, 57, 1, 0, 565, 'Joi', 9, ''),
(8778, 34, 46, 53, 3, 0, 486, 'Vineri', 9, ''),
(8779, 100, 167, 13, 3, 0, 486, 'Vineri', 9, ''),
(8780, 304, 905, 36, 2, 1, 537, 'Vineri', 9, ''),
(8781, 228, 37, 71, 3, 0, 487, 'Luni', 9, ''),
(8782, 29, 67, 55, 3, 0, 487, 'Luni', 9, ''),
(8783, 13, 140, 50, 3, 0, 487, 'Luni', 9, ''),
(8784, 55, 140, 56, 1, 0, 566, 'Luni', 9, ''),
(8785, 111, 4, 54, 3, 0, 487, 'Marti', 9, ''),
(8786, 84, 101, 45, 3, 0, 487, 'Marti', 9, ''),
(8787, 249, 908, 92, 1, 0, 566, 'Marti', 9, ''),
(8788, 249, 908, 63, 3, 0, 487, 'Marti', 9, ''),
(8789, 84, 101, 42, 1, 0, 566, 'Miercuri', 9, ''),
(8790, 29, 67, 55, 1, 0, 487, 'Miercuri', 9, ''),
(8791, 29, 67, 55, 4, 2, 487, 'Miercuri', 9, ''),
(8792, 13, 140, 50, 4, 1, 487, 'Miercuri', 9, ''),
(8793, 111, 4, 56, 1, 0, 566, 'Joi', 9, ''),
(8794, 228, 37, 71, 1, 0, 566, 'Joi', 9, ''),
(8795, 84, 101, 45, 4, 2, 487, 'Joi', 9, ''),
(8796, 92, 130, 36, 1, 0, 567, 'Luni', 9, ''),
(8798, 86, 185, 36, 1, 0, 567, 'Luni', 9, ''),
(8799, 98, 141, 57, 4, 2, 489, 'Marti', 9, ''),
(8800, 98, 141, 57, 3, 0, 489, 'Marti', 9, ''),
(8801, 98, 141, 57, 3, 0, 488, 'Marti', 9, ''),
(8802, 337, 153, 13, 3, 0, 488, 'Miercuri', 9, ''),
(8803, 92, 130, 43, 3, 0, 488, 'Marti', 9, ''),
(8804, 84, 102, 42, 1, 0, 567, 'Miercuri', 9, ''),
(8805, 98, 141, 42, 1, 0, 567, 'Miercuri', 9, ''),
(8806, 101, 153, 36, 1, 0, 567, 'Luni', 9, ''),
(8807, 337, 153, 13, 3, 0, 489, 'Miercuri', 9, ''),
(8808, 84, 102, 45, 4, 1, 488, 'Miercuri', 9, ''),
(8809, 98, 141, 57, 4, 2, 488, 'Miercuri', 9, ''),
(8810, 208, 280, 78, 3, 1, 684, 'Marti', 9, ''),
(8811, 208, 280, 78, 3, 0, 684, 'Marti', 9, ''),
(8812, 208, 280, 78, 3, 2, 685, 'Marti', 9, ''),
(8813, 208, 280, 78, 3, 0, 685, 'Marti', 9, ''),
(8814, 45, 185, 3, 3, 0, 488, 'Joi', 9, ''),
(8815, 45, 185, 3, 3, 0, 489, 'Joi', 9, ''),
(8816, 92, 130, 43, 3, 0, 489, 'Joi', 9, ''),
(8817, 84, 102, 45, 3, 0, 489, 'Joi', 9, ''),
(8818, 337, 153, 13, 4, 2, 489, 'Joi', 9, ''),
(8819, 337, 153, 13, 4, 1, 488, 'Joi', 9, ''),
(8820, 84, 102, 45, 4, 1, 489, 'Joi', 9, ''),
(8821, 84, 102, 45, 3, 0, 488, 'Joi', 9, ''),
(8822, 116, 73, 273, 1, 0, 567, 'Vineri', 9, ''),
(8823, 116, 73, 273, 3, 1, 488, 'Vineri', 9, ''),
(8824, 116, 73, 273, 3, 2, 489, 'Vineri', 9, ''),
(8825, 118, 88, 38, 1, 0, 568, 'Luni', 9, ''),
(8826, 196, 219, 38, 1, 0, 568, 'Luni', 9, ''),
(8827, 186, 219, 70, 3, 0, 491, 'Luni', 9, ''),
(8828, 196, 219, 44, 1, 1, 568, 'Marti', 9, ''),
(8829, 175, 124, 44, 1, 0, 568, 'Marti', 9, ''),
(8830, 149, 453, 86, 3, 0, 685, 'Marti', 9, ''),
(8831, 149, 453, 86, 3, 0, 684, 'Marti', 9, ''),
(8832, 139, 57, 44, 1, 0, 568, 'Marti', 9, ''),
(8833, 183, 265, 233, 3, 2, 684, 'Joi', 9, ''),
(8834, 183, 265, 233, 3, 1, 685, 'Joi', 9, ''),
(8835, 186, 219, 70, 3, 0, 490, 'Miercuri', 9, ''),
(8836, 186, 219, 70, 3, 0, 490, 'Miercuri', 9, ''),
(8837, 186, 219, 70, 3, 0, 491, 'Miercuri', 9, ''),
(8838, 118, 88, 10, 3, 0, 491, 'Miercuri', 9, ''),
(8839, 118, 88, 10, 3, 0, 490, 'Miercuri', 9, ''),
(8840, 134, 517, 95, 3, 0, 685, 'Vineri', 9, ''),
(8841, 134, 517, 95, 3, 0, 684, 'Vineri', 9, ''),
(8842, 221, 403, 59, 3, 2, 684, 'Vineri', 9, ''),
(8843, 221, 403, 59, 3, 2, 685, 'Vineri', 9, ''),
(8844, 169, 462, 118, 2, 2, 776, 'Marti', 9, ''),
(8845, 221, 403, 59, 2, 2, 729, 'Vineri', 9, ''),
(8846, 241, 909, 38, 2, 0, 729, 'Luni', 9, ''),
(8847, 304, 910, 32, 2, 0, 729, 'Joi', 9, ''),
(8848, 212, 403, 59, 1, 0, 760, 'Luni', 9, ''),
(8849, 118, 90, 38, 1, 0, 569, 'Luni', 9, ''),
(8850, 100, 187, 9, 1, 0, 569, 'Luni', 9, ''),
(8851, 175, 124, 44, 1, 0, 569, 'Marti', 9, ''),
(8852, 139, 58, 44, 1, 0, 569, 'Marti', 9, ''),
(8853, 100, 187, 13, 3, 0, 492, 'Miercuri', 9, ''),
(8854, 100, 187, 13, 3, 0, 493, 'Miercuri', 9, ''),
(8855, 85, 55, 50, 3, 0, 493, 'Miercuri', 9, ''),
(8856, 85, 55, 50, 3, 0, 492, 'Miercuri', 9, ''),
(8857, 98, 56, 33, 1, 0, 569, 'Miercuri', 9, ''),
(8858, 143, 393, 143, 1, 1, 783, 'Vineri', 9, ''),
(8859, 143, 393, 118, 3, 1, 783, 'Vineri', 9, ''),
(8860, 143, 393, 118, 3, 1, 783, 'Duminica', 9, ''),
(8861, 85, 55, 37, 1, 0, 569, 'Joi', 9, ''),
(8862, 154, 258, 143, 1, 2, 783, 'Vineri', 9, ''),
(8863, 154, 258, 118, 3, 2, 783, 'Vineri', 9, ''),
(8864, 98, 56, 57, 3, 0, 541, 'Joi', 9, ''),
(8865, 179, 429, 143, 1, 1, 783, 'Sambata', 9, ''),
(8866, 118, 90, 53, 3, 0, 541, 'Joi', 9, ''),
(8867, 179, 429, 279, 3, 1, 783, 'Sambata', 9, ''),
(8868, 179, 429, 279, 3, 1, 783, 'Duminica', 9, ''),
(8869, 147, 512, 143, 1, 2, 783, 'Sambata', 9, ''),
(8870, 147, 512, 118, 3, 2, 783, 'Sambata', 9, ''),
(8871, 32, 23, 57, 3, 0, 570, 'Luni', 9, ''),
(8872, 32, 23, 57, 4, 0, 570, 'Luni', 9, ''),
(8873, 105, 145, 33, 1, 1, 570, 'Marti', 9, ''),
(8874, 98, 23, 57, 1, 0, 570, 'Marti', 9, ''),
(8875, 157, 340, 38, 1, 0, 777, 'Miercuri', 9, ''),
(8876, 55, 110, 50, 1, 0, 570, 'Miercuri', 9, ''),
(8877, 193, 280, 82, 1, 0, 760, 'Miercuri', 9, ''),
(8878, 55, 110, 50, 3, 1, 570, 'Miercuri', 9, ''),
(8879, 157, 339, 38, 1, 0, 785, 'Miercuri', 9, ''),
(8880, 105, 145, 5, 3, 2, 570, 'Miercuri', 9, ''),
(8881, 165, 517, 80, 1, 0, 760, 'Miercuri', 9, ''),
(8882, 85, 214, 50, 3, 0, 570, 'Joi', 9, ''),
(8883, 85, 214, 50, 1, 0, 570, 'Joi', 9, ''),
(8884, 157, 341, 38, 1, 0, 779, 'Miercuri', 9, ''),
(8886, 290, 341, 72, 3, 0, 779, 'Miercuri', 9, ''),
(8887, 157, 339, 72, 3, 0, 785, 'Miercuri', 9, ''),
(8888, 157, 340, 38, 3, 0, 777, 'Miercuri', 9, ''),
(8889, 172, 485, 72, 1, 0, 777, 'Luni', 9, ''),
(8890, 172, 485, 72, 3, 0, 777, 'Luni', 9, ''),
(8891, 183, 1015, 95, 1, 0, 760, 'Joi', 9, ''),
(8892, 172, 486, 72, 1, 0, 779, 'Luni', 9, ''),
(8893, 172, 486, 72, 3, 0, 779, 'Luni', 9, ''),
(8895, 143, 238, 72, 1, 0, 777, 'Marti', 9, ''),
(8896, 142, 238, 72, 3, 0, 777, 'Marti', 9, ''),
(8897, 143, 494, 72, 3, 0, 779, 'Marti', 9, ''),
(8898, 143, 494, 72, 1, 0, 779, 'Marti', 9, ''),
(8899, 144, 260, 48, 1, 0, 777, 'Joi', 9, ''),
(8900, 130, 260, 48, 2, 1, 777, 'Joi', 9, ''),
(8901, 130, 370, 40, 2, 2, 779, 'Joi', 9, ''),
(8902, 132, 370, 40, 1, 0, 779, 'Joi', 9, ''),
(8903, 184, 363, 81, 1, 0, 785, 'Vineri', 9, ''),
(8904, 175, 363, 81, 3, 0, 785, 'Vineri', 9, ''),
(8905, 149, 438, 87, 1, 0, 785, 'Marti', 9, ''),
(8906, 149, 438, 87, 4, 0, 785, 'Marti', 9, ''),
(8907, 124, 446, 93, 1, 0, 785, 'Luni', 9, ''),
(8908, 124, 446, 93, 3, 0, 785, 'Luni', 9, ''),
(8909, 152, 507, 81, 1, 0, 787, 'Luni', 9, ''),
(8910, 155, 507, 81, 3, 2, 787, 'Luni', 9, ''),
(8911, 136, 422, 136, 1, 0, 787, 'Marti', 9, ''),
(8912, 136, 422, 136, 3, 0, 787, 'Marti', 9, ''),
(8913, 312, 307, 63, 1, 0, 787, 'Miercuri', 9, ''),
(8914, 312, 307, 63, 3, 0, 787, 'Miercuri', 9, ''),
(8915, 163, 421, 101, 1, 0, 787, 'Joi', 9, ''),
(8916, 163, 421, 101, 3, 0, 787, 'Joi', 9, ''),
(8917, 152, 506, 81, 1, 0, 781, 'Luni', 9, ''),
(8918, 155, 506, 81, 3, 1, 781, 'Luni', 9, ''),
(8919, 152, 441, 81, 1, 0, 781, 'Joi', 9, ''),
(8920, 123, 441, 81, 3, 0, 781, 'Joi', 9, ''),
(8921, 286, 454, 81, 4, 0, 781, 'Vineri', 9, ''),
(8922, 144, 260, 81, 1, 1, 781, 'Miercuri', 9, ''),
(8923, 130, 260, 81, 3, 2, 781, 'Miercuri', 9, ''),
(8924, 175, 259, 81, 1, 0, 781, 'Marti', 9, ''),
(8925, 175, 259, 81, 3, 0, 781, 'Marti', 9, ''),
(8926, 178, 858, 48, 1, 1, 802, 'Luni', 9, ''),
(8927, 192, 681, 48, 1, 2, 802, 'Luni', 9, ''),
(8928, 273, 734, 48, 1, 0, 802, 'Luni', 9, ''),
(8929, 254, 569, 48, 1, 0, 802, 'Luni', 9, ''),
(8930, 133, 766, 48, 1, 0, 802, 'Miercuri', 9, ''),
(8931, 222, 668, 48, 1, 0, 802, 'Miercuri', 9, ''),
(8932, 125, 830, 48, 1, 0, 802, 'Miercuri', 9, ''),
(8933, 254, 569, 34, 2, 0, 819, 'Miercuri', 9, ''),
(8934, 254, 569, 42, 2, 0, 617, 'Joi', 9, ''),
(8935, 254, 569, 33, 2, 0, 619, 'Joi', 9, ''),
(8936, 254, 1020, 33, 2, 0, 621, 'Vineri', 9, ''),
(8937, 309, 1024, 33, 2, 0, 621, 'Vineri', 9, ''),
(8938, 264, 689, 42, 2, 0, 617, 'Joi', 9, ''),
(8939, 264, 689, 80, 2, 0, 619, 'Joi', 9, ''),
(8941, 264, 689, 42, 2, 0, 819, 'Joi', 9, ''),
(8942, 223, 681, 37, 2, 1, 617, 'Joi', 9, ''),
(8943, 223, 681, 37, 2, 1, 619, 'Joi', 9, ''),
(8944, 131, 858, 37, 2, 2, 617, 'Joi', 9, ''),
(8945, 178, 858, 37, 2, 2, 619, 'Joi', 9, ''),
(8946, 131, 858, 37, 2, 2, 819, 'Joi', 9, ''),
(8947, 223, 681, 37, 2, 1, 819, 'Joi', 9, ''),
(8948, 186, 668, 1, 3, 0, 583, 'Marti', 9, ''),
(8949, 186, 668, 1, 3, 0, 585, 'Marti', 9, ''),
(8950, 186, 668, 1, 3, 0, 588, 'Marti', 9, ''),
(8951, 186, 668, 1, 3, 0, 584, 'Marti', 9, ''),
(8952, 227, 668, 1, 3, 0, 586, 'Marti', 9, ''),
(8953, 227, 668, 1, 3, 0, 587, 'Marti', 9, ''),
(8954, 134, 830, 83, 3, 0, 584, 'Marti', 9, ''),
(8955, 134, 830, 83, 3, 0, 586, 'Marti', 9, ''),
(8956, 134, 830, 83, 3, 0, 587, 'Marti', 9, ''),
(8957, 134, 830, 83, 3, 0, 588, 'Marti', 9, ''),
(8958, 134, 830, 83, 3, 0, 583, 'Marti', 9, ''),
(8959, 134, 830, 83, 3, 0, 585, 'Joi', 9, ''),
(8960, 273, 734, 97, 3, 0, 585, 'Marti', 9, ''),
(8961, 244, 909, 35, 1, 0, 807, 'Marti', 9, ''),
(8962, 273, 734, 106, 3, 0, 583, 'Marti', 9, ''),
(8963, 273, 734, 106, 3, 0, 584, 'Marti', 9, ''),
(8964, 193, 280, 35, 1, 0, 807, 'Marti', 9, ''),
(8965, 273, 734, 32, 3, 0, 586, 'Marti', 9, ''),
(8966, 273, 734, 32, 3, 0, 587, 'Marti', 9, ''),
(8967, 273, 734, 44, 3, 0, 588, 'Joi', 9, ''),
(8968, 162, 266, 42, 1, 0, 807, 'Joi', 9, ''),
(8969, 242, 912, 42, 1, 0, 807, 'Joi', 9, ''),
(8970, 173, 453, 42, 1, 1, 807, 'Joi', 9, ''),
(8971, 173, 766, 75, 3, 0, 584, 'Marti', 9, ''),
(8972, 173, 766, 75, 3, 0, 583, 'Marti', 9, ''),
(8973, 212, 403, 35, 1, 0, 761, 'Marti', 9, ''),
(8974, 205, 403, 59, 1, 0, 762, 'Marti', 9, ''),
(8975, 256, 910, 114, 2, 0, 730, 'Luni', 9, ''),
(8977, 241, 909, 32, 2, 0, 730, 'Miercuri', 9, ''),
(8978, 241, 909, 32, 2, 0, 731, 'Miercuri', 9, ''),
(8979, 304, 910, 139, 2, 0, 731, 'Miercuri', 9, ''),
(8980, 315, 912, 233, 3, 0, 686, 'Luni', 9, ''),
(8981, 315, 912, 233, 3, 0, 688, 'Luni', 9, ''),
(8982, 221, 280, 78, 3, 0, 688, 'Miercuri', 9, ''),
(8983, 221, 280, 78, 3, 0, 686, 'Luni', 9, ''),
(8984, 275, 266, 233, 3, 1, 686, 'Luni', 9, ''),
(8985, 275, 266, 233, 3, 1, 688, 'Luni', 9, ''),
(8986, 189, 403, 77, 2, 2, 731, 'Luni', 9, ''),
(8987, 189, 403, 59, 2, 2, 730, 'Luni', 9, ''),
(8988, 189, 403, 59, 3, 1, 686, 'Miercuri', 9, ''),
(8989, 189, 403, 59, 3, 1, 688, 'Miercuri', 9, ''),
(8990, 173, 453, 75, 3, 0, 688, 'Luni', 9, ''),
(8991, 173, 453, 75, 3, 0, 686, 'Miercuri', 9, ''),
(8992, 162, 266, 139, 2, 2, 730, 'Miercuri', 9, ''),
(8993, 162, 266, 139, 2, 2, 731, 'Miercuri', 9, ''),
(8994, 255, 911, 233, 2, 2, 807, 'Marti', 9, ''),
(8995, 160, 445, 42, 1, 0, 764, 'Luni', 9, ''),
(8996, 165, 517, 42, 1, 0, 764, 'Luni', 9, ''),
(8997, 150, 537, 51, 1, 0, 764, 'Miercuri', 9, ''),
(8998, 137, 273, 72, 3, 0, 693, 'Marti', 9, ''),
(8999, 137, 273, 72, 3, 0, 694, 'Marti', 9, ''),
(9000, 148, 262, 40, 3, 0, 694, 'Marti', 9, ''),
(9001, 148, 262, 40, 3, 0, 693, 'Marti', 9, ''),
(9002, 202, 412, 74, 4, 0, 693, 'Marti', 9, ''),
(9003, 202, 412, 74, 4, 0, 694, 'Marti', 9, ''),
(9004, 202, 412, 74, 3, 2, 694, 'Marti', 9, ''),
(9005, 202, 412, 74, 3, 1, 693, 'Marti', 9, ''),
(9006, 160, 445, 93, 3, 2, 693, 'Joi', 9, ''),
(9007, 160, 445, 93, 3, 2, 694, 'Joi', 9, ''),
(9008, 160, 445, 93, 4, 1, 694, 'Joi', 9, ''),
(9009, 160, 445, 93, 4, 1, 693, 'Joi', 9, ''),
(9010, 134, 517, 139, 3, 1, 693, 'Joi', 9, ''),
(9011, 134, 517, 139, 3, 1, 694, 'Joi', 9, ''),
(9012, 150, 537, 79, 3, 2, 694, 'Joi', 9, ''),
(9013, 150, 537, 79, 3, 2, 693, 'Joi', 9, ''),
(9014, 284, 923, 51, 1, 0, 832, 'Miercuri', 9, ''),
(9015, 150, 462, 79, 1, 0, 765, 'Marti', 9, ''),
(9016, 177, 395, 32, 1, 0, 765, 'Marti', 9, ''),
(9017, 155, 335, 89, 1, 0, 765, 'Miercuri', 9, ''),
(9018, 206, 968, 176, 1, 0, 765, 'Miercuri', 9, ''),
(9019, 202, 433, 74, 1, 0, 765, 'Miercuri', 9, ''),
(9020, 168, 423, 89, 1, 0, 765, 'Joi', 9, ''),
(9021, 180, 537, 32, 1, 0, 822, 'Marti', 9, ''),
(9022, 202, 433, 74, 4, 0, 695, 'Luni', 9, ''),
(9023, 202, 433, 74, 3, 1, 695, 'Luni', 9, ''),
(9024, 169, 462, 109, 3, 1, 695, 'Luni', 9, ''),
(9025, 211, 968, 71, 3, 2, 695, 'Luni', 9, ''),
(9026, 155, 335, 89, 3, 1, 695, 'Luni', 9, ''),
(9027, 180, 537, 79, 3, 2, 695, 'Luni', 9, '');
INSERT INTO `orar` (`id_orar`, `id_profesor`, `id_materie`, `id_sala`, `id_tip`, `paritate`, `id_nivel`, `zi`, `id_sem`, `info`) VALUES
(9028, 168, 423, 89, 3, 0, 695, 'Joi', 9, ''),
(9029, 161, 335, 89, 4, 1, 695, 'Joi', 9, ''),
(9030, 122, 395, 40, 2, 2, 734, 'Luni', 9, ''),
(9031, 159, 361, 33, 1, 0, 767, 'Luni', 9, ''),
(9032, 120, 502, 33, 1, 0, 767, 'Luni', 9, ''),
(9033, 202, 433, 33, 1, 0, 767, 'Luni', 9, ''),
(9034, 203, 398, 60, 1, 0, 767, 'Marti', 9, ''),
(9035, 203, 466, 60, 1, 0, 767, 'Marti', 9, ''),
(9036, 125, 336, 80, 1, 0, 767, 'Joi', 9, ''),
(9037, 165, 517, 32, 1, 0, 809, 'Marti', 9, ''),
(9038, 203, 466, 84, 2, 1, 736, 'Marti', 9, ''),
(9039, 159, 361, 40, 2, 2, 736, 'Marti', 9, ''),
(9040, 134, 517, 95, 3, 0, 698, 'Miercuri', 9, ''),
(9041, 134, 517, 95, 3, 0, 697, 'Miercuri', 9, ''),
(9042, 202, 433, 74, 4, 0, 697, 'Miercuri', 9, ''),
(9043, 202, 433, 74, 4, 0, 698, 'Miercuri', 9, ''),
(9044, 120, 502, 93, 4, 2, 698, 'Miercuri', 9, ''),
(9045, 120, 502, 93, 4, 1, 697, 'Miercuri', 9, ''),
(9046, 203, 398, 84, 3, 2, 697, 'Miercuri', 9, ''),
(9047, 203, 398, 84, 3, 1, 698, 'Miercuri', 9, ''),
(9048, 223, 466, 84, 3, 1, 698, 'Joi', 9, ''),
(9049, 223, 466, 84, 3, 1, 697, 'Joi', 9, ''),
(9050, 125, 336, 83, 4, 2, 697, 'Joi', 9, ''),
(9051, 125, 336, 83, 4, 2, 698, 'Joi', 9, ''),
(9052, 134, 490, 83, 4, 0, 696, 'Luni', 9, ''),
(9053, 278, 913, 233, 3, 0, 696, 'Luni', 9, ''),
(9054, 180, 537, 79, 3, 0, 696, 'Luni', 9, ''),
(9055, 202, 412, 74, 3, 0, 696, 'Miercuri', 9, ''),
(9056, 134, 308, 139, 3, 2, 696, 'Joi', 9, ''),
(9057, 150, 408, 79, 3, 0, 696, 'Vineri', 9, ''),
(9058, 134, 308, 109, 2, 0, 735, 'Miercuri', 9, ''),
(9059, 202, 412, 74, 1, 0, 766, 'Joi', 9, ''),
(9060, 202, 412, 74, 1, 1, 766, 'Joi', 9, ''),
(9061, 277, 913, 139, 1, 2, 766, 'Joi', 9, ''),
(9062, 134, 308, 139, 1, 0, 766, 'Joi', 9, ''),
(9063, 150, 408, 38, 1, 0, 766, 'Vineri', 9, ''),
(9064, 295, 766, 75, 3, 0, 585, 'Marti', 9, ''),
(9065, 295, 766, 75, 3, 0, 587, 'Marti', 9, ''),
(9066, 295, 766, 75, 3, 0, 588, 'Marti', 9, ''),
(9067, 295, 766, 75, 3, 0, 586, 'Marti', 9, ''),
(9068, 133, 1018, 86, 3, 0, 589, 'Luni', 9, ''),
(9069, 273, 1022, 97, 3, 0, 589, 'Luni', 9, ''),
(9070, 330, 1021, 83, 3, 0, 589, 'Luni', 9, ''),
(9071, 254, 1020, 97, 1, 0, 647, 'Luni', 9, ''),
(9072, 192, 1025, 99, 1, 1, 647, 'Marti', 9, ''),
(9073, 133, 1018, 87, 1, 0, 647, 'Marti', 9, ''),
(9074, 163, 1019, 101, 1, 1, 647, 'Marti', 9, ''),
(9075, 273, 1022, 33, 1, 0, 647, 'Miercuri', 9, ''),
(9076, 125, 1021, 83, 1, 0, 647, 'Miercuri', 9, ''),
(9077, 213, 1017, 269, 1, 0, 647, 'Miercuri', 9, ''),
(9078, 223, 1025, 99, 2, 2, 621, 'Marti', 9, ''),
(9079, 163, 1019, 101, 2, 2, 621, 'Marti', 9, ''),
(9080, 213, 1017, 269, 3, 0, 589, 'Marti', 9, ''),
(9081, 107, 644, 36, 1, 0, 803, 'Miercuri', 9, ''),
(9082, 204, 643, 36, 1, 0, 803, 'Miercuri', 9, ''),
(9083, 180, 917, 36, 1, 0, 803, 'Miercuri', 9, ''),
(9084, 178, 861, 36, 1, 0, 803, 'Joi', 9, ''),
(9085, 191, 590, 36, 1, 0, 803, 'Joi', 9, ''),
(9086, 150, 728, 48, 1, 0, 803, 'Vineri', 9, ''),
(9087, 200, 730, 48, 1, 0, 803, 'Vineri', 9, ''),
(9088, 224, 590, 96, 3, 0, 596, 'Luni', 9, ''),
(9089, 224, 590, 96, 3, 0, 595, 'Luni', 9, ''),
(9090, 224, 590, 96, 3, 0, 592, 'Luni', 9, ''),
(9091, 224, 590, 96, 3, 0, 594, 'Luni', 9, ''),
(9092, 224, 590, 96, 3, 0, 593, 'Luni', 9, ''),
(9093, 200, 730, 69, 4, 1, 595, 'Luni', 9, ''),
(9094, 200, 730, 69, 4, 2, 596, 'Luni', 9, ''),
(9095, 200, 730, 69, 3, 0, 593, 'Luni', 9, ''),
(9096, 200, 730, 69, 3, 0, 592, 'Luni', 9, ''),
(9097, 200, 730, 69, 3, 0, 594, 'Luni', 9, ''),
(9098, 200, 730, 69, 3, 0, 595, 'Marti', 9, ''),
(9099, 200, 730, 69, 3, 0, 596, 'Marti', 9, ''),
(9100, 200, 1033, 69, 3, 0, 597, 'Marti', 9, ''),
(9101, 200, 730, 69, 4, 1, 594, 'Marti', 9, ''),
(9102, 200, 730, 69, 4, 2, 593, 'Marti', 9, ''),
(9103, 200, 730, 69, 4, 2, 592, 'Marti', 9, ''),
(9104, 200, 1033, 69, 4, 2, 597, 'Luni', 9, ''),
(9105, 170, 861, 101, 3, 0, 594, 'Luni', 9, ''),
(9106, 170, 861, 101, 3, 0, 593, 'Luni', 9, ''),
(9107, 170, 861, 101, 3, 0, 592, 'Luni', 9, ''),
(9108, 163, 861, 101, 3, 0, 595, 'Marti', 9, ''),
(9109, 163, 861, 101, 3, 0, 596, 'Marti', 9, ''),
(9110, 180, 917, 79, 3, 2, 595, 'Luni', 9, ''),
(9111, 180, 917, 79, 3, 1, 596, 'Luni', 9, ''),
(9112, 180, 917, 139, 3, 1, 592, 'Marti', 9, ''),
(9113, 180, 917, 139, 3, 1, 594, 'Marti', 9, ''),
(9114, 180, 917, 139, 3, 2, 593, 'Marti', 9, ''),
(9115, 150, 728, 139, 3, 1, 596, 'Luni', 9, ''),
(9116, 150, 1032, 79, 3, 2, 597, 'Marti', 9, ''),
(9117, 150, 728, 139, 3, 2, 595, 'Luni', 9, ''),
(9118, 150, 728, 79, 3, 2, 594, 'Marti', 9, ''),
(9119, 150, 728, 79, 3, 1, 593, 'Marti', 9, ''),
(9120, 150, 728, 79, 3, 2, 592, 'Marti', 9, ''),
(9121, 150, 1027, 79, 3, 1, 597, 'Marti', 9, ''),
(9122, 150, 1027, 79, 1, 0, 652, 'Joi', 9, ''),
(9123, 211, 643, 71, 3, 1, 596, 'Marti', 9, ''),
(9124, 211, 643, 71, 3, 1, 595, 'Marti', 9, ''),
(9125, 211, 643, 71, 3, 2, 593, 'Marti', 9, ''),
(9126, 211, 643, 71, 3, 2, 594, 'Marti', 9, ''),
(9127, 211, 643, 71, 3, 1, 592, 'Marti', 9, ''),
(9128, 224, 1031, 96, 3, 0, 597, 'Marti', 9, ''),
(9129, 211, 1029, 71, 3, 1, 597, 'Marti', 9, ''),
(9130, 292, 644, 71, 3, 1, 596, 'Luni', 9, ''),
(9131, 292, 644, 71, 3, 2, 595, 'Luni', 9, ''),
(9132, 292, 644, 53, 3, 1, 593, 'Marti', 9, ''),
(9133, 292, 644, 53, 3, 1, 592, 'Marti', 9, ''),
(9134, 292, 644, 53, 3, 2, 594, 'Marti', 9, ''),
(9135, 150, 1032, 139, 1, 0, 652, 'Luni', 9, ''),
(9136, 107, 1028, 7, 1, 0, 652, 'Luni', 9, ''),
(9137, 204, 1029, 71, 1, 0, 652, 'Luni', 9, ''),
(9138, 200, 1033, 69, 1, 0, 652, 'Miercuri', 9, ''),
(9139, 163, 1030, 101, 1, 0, 652, 'Miercuri', 9, ''),
(9140, 191, 1031, 176, 1, 0, 652, 'Joi', 9, ''),
(9141, 163, 1030, 101, 3, 0, 597, 'Miercuri', 9, ''),
(9142, 107, 1028, 7, 3, 1, 597, 'Luni', 9, ''),
(9143, 187, 403, 32, 1, 0, 800, 'Luni', 9, ''),
(9144, 285, 909, 32, 1, 0, 800, 'Luni', 9, ''),
(9145, 192, 338, 32, 1, 2, 800, 'Luni', 9, ''),
(9146, 178, 532, 38, 1, 0, 800, 'Miercuri', 9, ''),
(9147, 133, 453, 38, 1, 0, 800, 'Miercuri', 9, ''),
(9148, 193, 280, 38, 1, 0, 800, 'Miercuri', 9, ''),
(9149, 200, 433, 42, 1, 0, 801, 'Marti', 9, ''),
(9150, 217, 469, 42, 1, 0, 801, 'Marti', 9, ''),
(9151, 170, 542, 42, 1, 0, 801, 'Marti', 9, ''),
(9152, 180, 537, 42, 1, 0, 801, 'Marti', 9, ''),
(9153, 177, 395, 44, 1, 2, 801, 'Luni', 9, ''),
(9154, 202, 411, 38, 1, 0, 801, 'Vineri', 9, ''),
(9155, 150, 408, 38, 1, 0, 801, 'Vineri', 9, ''),
(9156, 160, 245, 38, 1, 0, 801, 'Vineri', 9, ''),
(9157, 223, 338, 32, 2, 1, 725, 'Luni', 9, ''),
(9158, 223, 338, 38, 2, 2, 726, 'Miercuri', 9, ''),
(9159, 255, 911, 233, 2, 0, 726, 'Luni', 9, ''),
(9160, 255, 911, 233, 2, 0, 725, 'Luni', 9, ''),
(9161, 326, 910, 33, 2, 0, 725, 'Joi', 9, ''),
(9162, 326, 910, 38, 2, 0, 726, 'Joi', 9, ''),
(9163, 221, 403, 59, 2, 0, 726, 'Joi', 9, ''),
(9164, 221, 403, 59, 2, 0, 725, 'Joi', 9, ''),
(9165, 178, 532, 36, 2, 0, 725, 'Joi', 9, ''),
(9166, 178, 532, 33, 2, 0, 726, 'Joi', 9, ''),
(9167, 245, 909, 44, 2, 0, 726, 'Joi', 9, ''),
(9168, 245, 909, 44, 2, 0, 725, 'Joi', 9, ''),
(9169, 208, 280, 82, 3, 0, 680, 'Marti', 9, ''),
(9170, 193, 280, 82, 3, 0, 679, 'Marti', 9, ''),
(9171, 193, 280, 82, 3, 0, 678, 'Vineri', 9, ''),
(9172, 193, 280, 82, 3, 0, 677, 'Vineri', 9, ''),
(9173, 173, 453, 86, 3, 0, 677, 'Vineri', 9, ''),
(9174, 173, 453, 86, 3, 0, 678, 'Vineri', 9, ''),
(9175, 173, 453, 86, 3, 0, 679, 'Marti', 9, ''),
(9176, 173, 453, 86, 3, 0, 680, 'Marti', 9, ''),
(9177, 218, 466, 32, 2, 1, 732, 'Luni', 9, ''),
(9178, 253, 911, 233, 2, 2, 732, 'Luni', 9, ''),
(9179, 180, 537, 79, 3, 1, 690, 'Luni', 9, ''),
(9180, 180, 537, 79, 3, 2, 691, 'Luni', 9, ''),
(9181, 180, 537, 79, 3, 1, 692, 'Luni', 9, ''),
(9182, 170, 542, 89, 3, 2, 690, 'Joi', 9, ''),
(9183, 170, 542, 93, 3, 1, 691, 'Joi', 9, ''),
(9184, 170, 542, 101, 3, 2, 692, 'Luni', 9, ''),
(9185, 150, 408, 139, 3, 2, 692, 'Luni', 9, ''),
(9186, 150, 408, 139, 3, 1, 691, 'Luni', 9, ''),
(9187, 150, 408, 139, 3, 2, 690, 'Luni', 9, ''),
(9188, 122, 395, 75, 3, 1, 692, 'Joi', 9, ''),
(9189, 122, 395, 75, 3, 2, 690, 'Joi', 9, ''),
(9190, 122, 395, 75, 3, 1, 691, 'Joi', 9, ''),
(9191, 160, 245, 93, 3, 2, 691, 'Luni', 9, ''),
(9192, 160, 245, 93, 3, 1, 692, 'Luni', 9, ''),
(9193, 160, 245, 93, 3, 1, 690, 'Luni', 9, ''),
(9194, 223, 466, 60, 3, 2, 691, 'Joi', 9, ''),
(9195, 223, 466, 60, 3, 1, 690, 'Joi', 9, ''),
(9196, 223, 466, 60, 3, 2, 692, 'Joi', 9, ''),
(9197, 200, 433, 74, 3, 2, 690, 'Joi', 9, ''),
(9198, 200, 433, 74, 3, 2, 691, 'Joi', 9, ''),
(9199, 200, 433, 74, 3, 2, 692, 'Joi', 9, ''),
(9200, 202, 411, 69, 3, 1, 690, 'Joi', 9, ''),
(9201, 202, 411, 69, 3, 2, 691, 'Joi', 9, ''),
(9202, 202, 411, 69, 3, 1, 692, 'Joi', 9, ''),
(9203, 200, 433, 74, 4, 1, 690, 'Joi', 9, ''),
(9204, 200, 433, 74, 4, 1, 691, 'Joi', 9, ''),
(9205, 200, 433, 74, 4, 1, 692, 'Joi', 9, ''),
(9206, 96, 142, 9, 1, 0, 465, 'Miercuri', 9, ''),
(9207, 96, 142, 9, 1, 0, 467, 'Miercuri', 9, ''),
(9208, 266, 990, 32, 1, 0, 544, 'Vineri', 9, ''),
(9209, 266, 990, 32, 1, 0, 545, 'Vineri', 9, ''),
(9210, 266, 990, 32, 1, 0, 546, 'Vineri', 9, ''),
(9211, 266, 990, 32, 1, 0, 562, 'Vineri', 9, ''),
(9212, 266, 990, 32, 1, 0, 563, 'Vineri', 9, ''),
(9218, 284, 921, 51, 1, 0, 547, 'Miercuri', 9, ''),
(9219, 284, 921, 51, 1, 0, 548, 'Miercuri', 9, ''),
(9220, 284, 921, 51, 1, 0, 549, 'Miercuri', 9, ''),
(9221, 284, 921, 51, 1, 0, 564, 'Miercuri', 9, ''),
(9222, 284, 921, 51, 1, 0, 565, 'Miercuri', 9, ''),
(9223, 263, 919, 3, 3, 0, 821, 'Marti', 9, ''),
(9224, 263, 919, 3, 3, 0, 821, 'Joi', 9, ''),
(9225, 150, 728, 139, 3, 1, 591, 'Luni', 9, ''),
(9226, 170, 861, 101, 3, 1, 591, 'Luni', 9, ''),
(9227, 122, 712, 40, 3, 2, 591, 'Luni', 9, ''),
(9228, 202, 729, 74, 3, 2, 591, 'Joi', 9, ''),
(9229, 223, 802, 60, 3, 2, 591, 'Joi', 9, ''),
(9230, 200, 755, 74, 3, 1, 591, 'Joi', 9, ''),
(9231, 200, 755, 74, 4, 2, 591, 'Joi', 9, ''),
(9232, 180, 917, 79, 3, 1, 591, 'Joi', 9, ''),
(9233, 160, 579, 93, 3, 2, 591, 'Joi', 9, ''),
(9234, 253, 638, 233, 2, 2, 623, 'Luni', 9, ''),
(9235, 218, 802, 60, 2, 1, 623, 'Joi', 9, ''),
(9236, 223, 681, 32, 2, 2, 616, 'Luni', 9, ''),
(9237, 170, 857, 93, 2, 0, 616, 'Marti', 9, ''),
(9238, 245, 569, 48, 2, 0, 616, 'Marti', 9, ''),
(9239, 189, 725, 77, 2, 0, 616, 'Marti', 9, ''),
(9240, 304, 689, 99, 2, 0, 616, 'Marti', 9, ''),
(9241, 255, 638, 233, 2, 2, 616, 'Vineri', 9, ''),
(9242, 221, 615, 77, 3, 0, 581, 'Joi', 9, ''),
(9243, 221, 615, 77, 3, 0, 582, 'Joi', 9, ''),
(9244, 173, 766, 75, 3, 0, 582, 'Joi', 9, ''),
(9245, 173, 766, 75, 3, 0, 581, 'Joi', 9, ''),
(9248, 284, 1035, 155, 1, 0, 652, 'Miercuri', 9, ''),
(9249, 266, 924, 32, 1, 0, 758, 'Vineri', 9, ''),
(9250, 266, 924, 32, 1, 0, 759, 'Vineri', 9, ''),
(9251, 266, 924, 32, 1, 0, 760, 'Vineri', 9, ''),
(9252, 266, 924, 32, 1, 0, 761, 'Vineri', 9, ''),
(9253, 266, 924, 32, 1, 0, 762, 'Vineri', 9, ''),
(9254, 266, 924, 32, 1, 0, 644, 'Vineri', 9, ''),
(9255, 266, 924, 32, 1, 0, 645, 'Vineri', 9, ''),
(9256, 266, 924, 32, 1, 0, 646, 'Vineri', 9, ''),
(9257, 266, 924, 32, 1, 0, 648, 'Vineri', 9, ''),
(9258, 266, 1037, 32, 1, 0, 647, 'Vineri', 9, ''),
(9259, 253, 638, 233, 2, 1, 617, 'Luni', 9, ''),
(9260, 253, 638, 233, 2, 2, 618, 'Luni', 9, ''),
(9261, 253, 638, 233, 2, 1, 619, 'Luni', 9, ''),
(9262, 253, 638, 233, 2, 2, 620, 'Luni', 9, ''),
(9263, 253, 638, 233, 2, 1, 624, 'Joi', 9, ''),
(9264, 208, 1038, 85, 2, 0, 664, 'Miercuri', 9, ''),
(9265, 208, 1038, 85, 2, 0, 663, 'Marti', 9, '');

-- --------------------------------------------------------

--
-- Table structure for table `ore`
--

CREATE TABLE `ore` (
  `id_ore` int(10) NOT NULL,
  `id_orar` int(10) NOT NULL DEFAULT 0,
  `ora` int(2) NOT NULL DEFAULT 0
) ENGINE=InnoDB DEFAULT CHARSET=latin1 COLLATE=latin1_swedish_ci;

--
-- Dumping data for table `ore`
--

INSERT INTO `ore` (`id_ore`, `id_orar`, `ora`) VALUES
(26194, 7951, 8),
(26195, 7951, 9),
(26196, 7952, 10),
(26197, 7952, 11),
(26198, 7953, 12),
(26199, 7953, 13),
(26202, 7955, 8),
(26203, 7955, 9),
(26206, 7956, 10),
(26207, 7956, 11),
(26208, 7957, 8),
(26209, 7957, 9),
(26210, 7958, 10),
(26211, 7958, 11),
(26214, 7960, 12),
(26215, 7960, 13),
(26216, 7960, 14),
(26217, 7961, 8),
(26218, 7961, 9),
(26221, 7963, 10),
(26222, 7963, 11),
(26223, 7964, 12),
(26224, 7964, 13),
(26225, 7965, 12),
(26226, 7965, 13),
(26227, 7966, 8),
(26228, 7966, 9),
(26229, 7967, 8),
(26230, 7967, 9),
(26231, 7967, 10),
(26243, 7972, 8),
(26244, 7972, 9),
(26245, 7972, 10),
(26249, 7974, 11),
(26250, 7974, 12),
(26251, 7974, 13),
(26252, 7975, 15),
(26253, 7975, 16),
(26254, 7976, 14),
(26255, 7976, 15),
(26256, 7976, 16),
(26257, 7977, 11),
(26258, 7977, 12),
(26259, 7977, 13),
(26260, 7978, 8),
(26261, 7978, 9),
(26262, 7979, 10),
(26263, 7979, 11),
(26264, 7980, 10),
(26265, 7980, 11),
(26266, 7981, 8),
(26267, 7981, 9),
(26268, 7981, 10),
(26269, 7981, 11),
(26272, 7983, 12),
(26273, 7983, 13),
(26274, 7984, 10),
(26275, 7984, 11),
(26276, 7985, 8),
(26277, 7985, 9),
(26278, 7986, 17),
(26279, 7986, 18),
(26280, 7987, 12),
(26281, 7987, 13),
(26282, 7988, 15),
(26283, 7988, 16),
(26286, 7990, 10),
(26287, 7990, 11),
(26288, 7991, 17),
(26289, 7991, 18),
(26290, 7992, 8),
(26291, 7992, 9),
(26295, 7995, 10),
(26296, 7995, 11),
(26297, 7996, 15),
(26298, 7996, 16),
(26299, 7997, 11),
(26300, 7997, 12),
(26301, 7997, 13),
(26302, 7998, 12),
(26303, 7998, 13),
(26304, 7999, 11),
(26305, 7999, 12),
(26306, 7999, 13),
(26309, 8001, 11),
(26310, 8001, 12),
(26311, 8001, 13),
(26321, 8005, 8),
(26322, 8005, 9),
(26323, 8005, 10),
(26324, 8006, 19),
(26325, 8006, 20),
(26329, 8008, 8),
(26330, 8008, 9),
(26335, 8011, 15),
(26336, 8011, 16),
(26341, 8014, 12),
(26342, 8014, 13),
(26343, 8015, 15),
(26344, 8015, 16),
(26347, 8017, 8),
(26348, 8017, 9),
(26349, 8018, 10),
(26350, 8018, 11),
(26353, 8019, 8),
(26354, 8019, 9),
(26355, 8020, 10),
(26356, 8020, 11),
(26361, 8023, 15),
(26362, 8023, 16),
(26363, 8024, 15),
(26364, 8024, 16),
(26365, 8025, 8),
(26366, 8025, 9),
(26367, 8026, 10),
(26368, 8026, 11),
(26369, 8027, 8),
(26370, 8027, 9),
(26371, 8028, 12),
(26372, 8028, 13),
(26373, 8029, 8),
(26374, 8029, 9),
(26375, 8030, 10),
(26376, 8030, 11),
(26377, 8031, 10),
(26378, 8031, 11),
(26379, 8032, 12),
(26380, 8032, 13),
(26381, 8033, 10),
(26382, 8033, 11),
(26383, 8034, 10),
(26384, 8034, 11),
(26385, 8035, 12),
(26386, 8035, 13),
(26387, 8036, 8),
(26388, 8036, 9),
(26389, 8037, 15),
(26390, 8037, 16),
(26391, 8038, 15),
(26392, 8038, 16),
(26393, 8039, 8),
(26394, 8039, 9),
(26395, 8040, 10),
(26396, 8040, 11),
(26399, 8042, 12),
(26400, 8042, 13),
(26401, 8043, 8),
(26402, 8043, 9),
(26403, 8044, 8),
(26404, 8044, 9),
(26405, 8045, 8),
(26406, 8045, 9),
(26407, 8046, 10),
(26408, 8046, 11),
(26409, 8047, 12),
(26410, 8047, 13),
(26411, 8048, 15),
(26412, 8048, 16),
(26415, 8050, 8),
(26416, 8050, 9),
(26417, 8051, 10),
(26418, 8051, 11),
(26419, 8052, 12),
(26420, 8052, 13),
(26421, 8053, 15),
(26422, 8053, 16),
(26423, 8054, 17),
(26424, 8054, 18),
(26429, 8056, 12),
(26430, 8056, 13),
(26443, 8063, 8),
(26444, 8063, 9),
(26445, 8064, 8),
(26446, 8064, 9),
(26447, 8065, 8),
(26448, 8065, 9),
(26449, 8066, 12),
(26450, 8066, 13),
(26451, 8067, 12),
(26452, 8067, 13),
(26453, 8068, 10),
(26454, 8068, 11),
(26465, 8074, 8),
(26466, 8074, 9),
(26471, 8076, 12),
(26472, 8076, 13),
(26473, 8073, 12),
(26474, 8073, 13),
(26491, 8083, 10),
(26492, 8083, 11),
(26493, 8083, 12),
(26502, 8087, 11),
(26503, 8087, 12),
(26504, 8088, 8),
(26505, 8088, 9),
(26514, 8091, 8),
(26515, 8091, 9),
(26516, 8091, 10),
(26517, 8092, 11),
(26518, 8092, 12),
(26525, 8094, 15),
(26526, 8094, 16),
(26527, 8094, 17),
(26539, 8098, 8),
(26540, 8098, 9),
(26541, 8098, 10),
(26555, 8104, 8),
(26556, 8104, 9),
(26557, 8104, 10),
(26558, 8105, 11),
(26559, 8105, 12),
(26560, 8105, 13),
(26561, 8106, 15),
(26562, 8106, 16),
(26563, 8106, 17),
(26567, 8108, 15),
(26568, 8108, 16),
(26569, 8109, 8),
(26570, 8109, 9),
(26571, 8109, 10),
(26572, 8110, 11),
(26573, 8110, 12),
(26574, 8110, 13),
(26577, 8112, 15),
(26578, 8112, 16),
(26579, 8113, 15),
(26580, 8113, 16),
(26581, 8114, 8),
(26582, 8114, 9),
(26583, 8114, 10),
(26584, 8115, 11),
(26585, 8115, 12),
(26586, 8115, 13),
(26587, 8116, 11),
(26588, 8116, 12),
(26589, 8116, 13),
(26590, 8117, 8),
(26591, 8117, 9),
(26592, 8117, 10),
(26593, 8118, 11),
(26594, 8118, 12),
(26595, 8118, 13),
(26596, 8119, 15),
(26597, 8119, 16),
(26598, 8119, 17),
(26602, 8121, 8),
(26603, 8121, 9),
(26604, 8121, 10),
(26605, 8120, 11),
(26606, 8120, 12),
(26607, 8120, 13),
(26608, 8122, 11),
(26609, 8122, 12),
(26610, 8122, 13),
(26611, 8123, 8),
(26612, 8123, 9),
(26613, 8123, 10),
(26614, 8124, 8),
(26615, 8124, 9),
(26616, 8124, 10),
(26617, 8125, 11),
(26618, 8125, 12),
(26619, 8125, 13),
(26620, 8126, 8),
(26621, 8126, 9),
(26622, 8126, 10),
(26626, 8128, 15),
(26627, 8128, 16),
(26628, 8128, 17),
(26629, 8129, 8),
(26630, 8129, 9),
(26631, 8129, 10),
(26635, 8131, 8),
(26636, 8131, 9),
(26637, 8131, 10),
(26638, 8132, 11),
(26639, 8132, 12),
(26640, 8132, 13),
(26641, 8133, 15),
(26642, 8133, 16),
(26643, 8134, 12),
(26644, 8134, 13),
(26645, 8135, 11),
(26646, 8135, 12),
(26647, 8135, 13),
(26648, 8136, 15),
(26649, 8136, 16),
(26650, 8136, 17),
(26655, 8139, 15),
(26656, 8139, 16),
(26657, 8139, 17),
(26661, 8141, 10),
(26662, 8141, 11),
(26663, 8142, 12),
(26664, 8142, 13),
(26665, 8143, 10),
(26666, 8143, 11),
(26667, 8144, 12),
(26668, 8144, 13),
(26669, 8145, 17),
(26670, 8145, 18),
(26671, 8146, 8),
(26672, 8146, 9),
(26673, 8147, 10),
(26674, 8147, 11),
(26675, 8148, 10),
(26676, 8148, 11),
(26681, 8151, 12),
(26682, 8151, 13),
(26683, 8152, 8),
(26684, 8152, 9),
(26685, 8153, 10),
(26686, 8153, 11),
(26687, 8154, 15),
(26688, 8154, 16),
(26689, 8155, 12),
(26690, 8155, 13),
(26691, 8156, 8),
(26692, 8156, 9),
(26695, 8158, 17),
(26696, 8158, 18),
(26697, 8159, 8),
(26698, 8159, 9),
(26699, 8160, 17),
(26700, 8160, 18),
(26701, 8161, 10),
(26702, 8161, 11),
(26703, 8162, 8),
(26704, 8162, 9),
(26705, 8163, 8),
(26706, 8163, 9),
(26707, 8164, 15),
(26708, 8164, 16),
(26709, 8165, 15),
(26710, 8165, 16),
(26711, 8166, 10),
(26712, 8166, 11),
(26713, 8167, 10),
(26714, 8167, 11),
(26715, 8168, 12),
(26716, 8168, 13),
(26731, 8175, 12),
(26732, 8175, 13),
(26733, 8176, 8),
(26734, 8176, 9),
(26735, 8176, 10),
(26736, 8177, 8),
(26737, 8177, 9),
(26738, 8177, 10),
(26739, 8178, 11),
(26740, 8178, 12),
(26741, 8178, 13),
(26742, 8179, 11),
(26743, 8179, 12),
(26744, 8179, 13),
(26745, 8180, 8),
(26746, 8180, 9),
(26747, 8180, 10),
(26748, 8181, 8),
(26749, 8181, 9),
(26750, 8181, 10),
(26757, 8184, 8),
(26758, 8184, 9),
(26759, 8184, 10),
(26760, 8185, 8),
(26761, 8185, 9),
(26762, 8185, 10),
(26766, 8187, 11),
(26767, 8187, 12),
(26768, 8187, 13),
(26773, 8189, 12),
(26774, 8189, 13),
(26775, 8190, 8),
(26776, 8190, 9),
(26783, 8194, 10),
(26784, 8194, 11),
(26785, 8194, 12),
(26786, 8195, 15),
(26787, 8195, 16),
(26788, 8195, 17),
(26789, 8196, 12),
(26790, 8196, 13),
(26791, 8196, 14),
(26796, 8199, 10),
(26797, 8199, 11),
(26798, 8200, 10),
(26799, 8200, 11),
(26802, 8202, 8),
(26803, 8202, 9),
(26804, 8203, 12),
(26805, 8203, 13),
(26806, 8203, 14),
(26810, 8205, 15),
(26811, 8205, 16),
(26812, 8205, 17),
(26813, 8206, 8),
(26814, 8206, 9),
(26817, 8208, 10),
(26818, 8208, 11),
(26821, 8209, 14),
(26822, 8209, 15),
(26823, 8209, 16),
(26824, 8209, 17),
(26829, 8210, 18),
(26830, 8210, 19),
(26831, 8210, 20),
(26832, 8210, 21),
(26833, 8211, 14),
(26834, 8211, 15),
(26835, 8211, 16),
(26836, 8211, 17),
(26837, 8212, 18),
(26838, 8212, 19),
(26839, 8212, 20),
(26840, 8212, 21),
(26841, 8213, 12),
(26842, 8213, 13),
(26847, 8214, 14),
(26848, 8214, 15),
(26849, 8214, 16),
(26850, 8214, 17),
(26851, 8215, 18),
(26852, 8215, 19),
(26853, 8216, 20),
(26854, 8216, 21),
(26855, 8217, 8),
(26856, 8217, 9),
(26857, 8217, 10),
(26858, 8217, 11),
(26859, 8218, 12),
(26860, 8218, 13),
(26861, 8219, 14),
(26862, 8219, 15),
(26863, 8219, 16),
(26864, 8219, 17),
(26865, 8220, 18),
(26866, 8220, 19),
(26867, 8221, 20),
(26868, 8221, 21),
(26869, 8222, 8),
(26870, 8222, 9),
(26871, 8222, 10),
(26872, 8222, 11),
(26873, 8223, 12),
(26874, 8223, 13),
(26875, 8224, 16),
(26876, 8224, 17),
(26877, 8225, 18),
(26878, 8225, 19),
(26881, 8227, 8),
(26882, 8227, 9),
(26883, 8227, 10),
(26884, 8227, 11),
(26885, 8227, 12),
(26886, 8227, 13),
(26891, 8228, 12),
(26892, 8228, 13),
(26893, 8229, 15),
(26894, 8229, 16),
(26901, 8233, 15),
(26902, 8233, 16),
(26903, 8234, 17),
(26904, 8234, 18),
(26913, 8237, 8),
(26914, 8237, 9),
(26915, 8238, 10),
(26916, 8238, 11),
(26917, 8239, 12),
(26918, 8239, 13),
(26921, 8241, 19),
(26922, 8241, 20),
(26923, 8242, 8),
(26924, 8242, 9),
(26925, 8243, 10),
(26926, 8243, 11),
(26927, 8244, 12),
(26928, 8244, 13),
(26929, 8245, 10),
(26930, 8245, 11),
(26931, 8246, 8),
(26932, 8246, 9),
(26933, 8247, 9),
(26934, 8247, 10),
(26935, 8248, 11),
(26936, 8248, 12),
(26943, 8249, 8),
(26944, 8249, 9),
(26945, 8250, 15),
(26946, 8250, 16),
(26947, 8251, 12),
(26948, 8251, 13),
(26953, 8252, 10),
(26954, 8252, 11),
(26955, 8253, 10),
(26956, 8253, 11),
(26957, 8254, 8),
(26958, 8254, 9),
(26959, 8255, 12),
(26960, 8255, 13),
(26961, 8256, 15),
(26962, 8256, 16),
(26963, 8257, 8),
(26964, 8257, 9),
(26967, 8259, 10),
(26968, 8259, 11),
(26969, 8260, 12),
(26970, 8260, 13),
(26971, 8261, 8),
(26972, 8261, 9),
(26973, 8262, 10),
(26974, 8262, 11),
(26977, 8264, 10),
(26978, 8264, 11),
(26979, 8265, 10),
(26980, 8265, 11),
(26981, 8266, 12),
(26982, 8266, 13),
(26983, 8267, 12),
(26984, 8267, 13),
(26985, 8268, 10),
(26986, 8268, 11),
(26994, 8272, 15),
(26995, 8272, 16),
(26996, 8272, 17),
(26997, 8270, 8),
(26998, 8270, 9),
(26999, 8270, 10),
(27000, 8271, 11),
(27001, 8271, 12),
(27002, 8271, 13),
(27003, 8273, 16),
(27004, 8273, 17),
(27005, 8273, 18),
(27009, 8275, 11),
(27010, 8275, 12),
(27011, 8275, 13),
(27012, 8276, 19),
(27013, 8276, 20),
(27014, 8277, 8),
(27015, 8277, 9),
(27016, 8278, 10),
(27017, 8278, 11),
(27018, 8279, 12),
(27019, 8279, 13),
(27020, 8280, 14),
(27021, 8280, 15),
(27022, 8281, 8),
(27023, 8281, 9),
(27024, 8282, 10),
(27025, 8282, 11),
(27030, 8283, 14),
(27031, 8283, 15),
(27032, 8284, 12),
(27033, 8284, 13),
(27040, 8287, 15),
(27041, 8287, 16),
(27042, 8287, 17),
(27043, 8288, 11),
(27044, 8288, 12),
(27045, 8288, 13),
(27046, 8289, 15),
(27047, 8289, 16),
(27048, 8289, 17),
(27049, 8290, 18),
(27050, 8290, 19),
(27051, 8290, 20),
(27052, 8291, 9),
(27053, 8291, 10),
(27054, 8291, 11),
(27055, 8292, 12),
(27056, 8292, 13),
(27057, 8292, 14),
(27058, 8293, 15),
(27059, 8293, 16),
(27060, 8293, 17),
(27064, 8295, 8),
(27065, 8295, 9),
(27066, 8295, 10),
(27067, 8296, 15),
(27068, 8296, 16),
(27069, 8297, 16),
(27070, 8297, 17),
(27071, 8298, 18),
(27072, 8298, 19),
(27073, 8298, 20),
(27080, 8301, 8),
(27081, 8301, 9),
(27082, 8301, 10),
(27083, 8302, 11),
(27084, 8302, 12),
(27085, 8302, 13),
(27086, 8231, 12),
(27087, 8231, 13),
(27091, 7989, 19),
(27092, 7989, 20),
(27093, 8170, 12),
(27094, 8170, 13),
(27095, 8171, 17),
(27096, 8171, 18),
(27097, 8169, 19),
(27098, 8169, 20),
(27099, 8157, 12),
(27100, 8157, 13),
(27101, 8303, 17),
(27102, 8303, 18),
(27103, 8304, 10),
(27104, 8304, 11),
(27105, 8305, 10),
(27106, 8305, 11),
(27107, 8306, 15),
(27108, 8306, 16),
(27109, 8307, 15),
(27110, 8307, 16),
(27111, 8308, 15),
(27112, 8308, 16),
(27113, 8309, 15),
(27114, 8309, 16),
(27115, 8310, 17),
(27116, 8310, 18),
(27117, 8311, 17),
(27118, 8311, 18),
(27119, 8312, 10),
(27120, 8312, 11),
(27121, 8313, 10),
(27122, 8313, 11),
(27123, 8314, 10),
(27124, 8314, 11),
(27125, 8315, 19),
(27126, 8315, 20),
(27127, 8316, 19),
(27128, 8316, 20),
(27129, 8317, 19),
(27130, 8317, 20),
(27131, 8318, 12),
(27132, 8318, 13),
(27135, 8320, 8),
(27136, 8320, 9),
(27137, 8319, 8),
(27138, 8319, 9),
(27147, 8325, 12),
(27148, 8325, 13),
(27149, 8326, 10),
(27150, 8326, 11),
(27151, 8327, 19),
(27152, 8327, 20),
(27153, 8328, 17),
(27154, 8328, 18),
(27155, 8329, 19),
(27156, 8329, 20),
(27157, 8330, 17),
(27158, 8330, 18),
(27159, 8324, 17),
(27160, 8324, 18),
(27161, 8321, 19),
(27162, 8321, 20),
(27163, 8322, 17),
(27164, 8322, 18),
(27165, 8323, 19),
(27166, 8323, 20),
(27167, 8331, 17),
(27168, 8331, 18),
(27169, 8332, 10),
(27170, 8332, 11),
(27171, 8333, 12),
(27172, 8333, 13),
(27173, 8334, 10),
(27174, 8334, 11),
(27175, 8335, 8),
(27176, 8335, 9),
(27177, 8336, 12),
(27178, 8336, 13),
(27179, 8337, 17),
(27180, 8337, 18),
(27181, 8338, 19),
(27182, 8338, 20),
(27183, 8339, 17),
(27184, 8339, 18),
(27185, 8340, 19),
(27186, 8340, 20),
(27191, 8343, 15),
(27192, 8343, 16),
(27193, 8341, 13),
(27194, 8341, 14),
(27195, 8344, 8),
(27196, 8344, 9),
(27201, 8347, 19),
(27202, 8347, 20),
(27203, 8348, 17),
(27204, 8348, 18),
(27205, 8349, 10),
(27206, 8349, 11),
(27207, 8350, 12),
(27208, 8350, 13),
(27211, 8346, 8),
(27212, 8346, 9),
(27213, 8345, 8),
(27214, 8345, 9),
(27215, 8351, 19),
(27216, 8351, 20),
(27217, 8352, 17),
(27218, 8352, 18),
(27219, 8353, 17),
(27220, 8353, 18),
(27221, 8353, 19),
(27222, 8353, 20),
(27223, 8354, 17),
(27224, 8354, 18),
(27225, 8354, 19),
(27226, 8354, 20),
(27227, 8355, 17),
(27228, 8355, 18),
(27229, 8355, 19),
(27230, 8355, 20),
(27231, 8356, 17),
(27232, 8356, 18),
(27233, 8356, 19),
(27234, 8356, 20),
(27235, 8357, 17),
(27236, 8357, 18),
(27237, 8358, 19),
(27238, 8358, 20),
(27243, 8360, 10),
(27244, 8360, 11),
(27245, 8359, 8),
(27246, 8359, 9),
(27247, 8361, 8),
(27248, 8361, 9),
(27249, 8362, 12),
(27250, 8362, 13),
(27251, 8363, 12),
(27252, 8363, 13),
(27253, 8364, 10),
(27254, 8364, 11),
(27255, 8365, 10),
(27256, 8365, 11),
(27257, 8366, 12),
(27258, 8366, 13),
(27259, 8367, 10),
(27260, 8367, 11),
(27261, 8368, 12),
(27262, 8368, 13),
(27263, 8369, 12),
(27264, 8369, 13),
(27265, 8370, 12),
(27266, 8370, 13),
(27267, 8371, 8),
(27268, 8371, 9),
(27269, 8372, 10),
(27270, 8372, 11),
(27271, 8373, 17),
(27272, 8373, 18),
(27273, 8373, 19),
(27274, 8373, 20),
(27275, 8374, 17),
(27276, 8374, 18),
(27277, 8374, 19),
(27278, 8374, 20),
(27282, 8376, 17),
(27283, 8376, 18),
(27284, 8376, 19),
(27285, 8376, 20),
(27286, 8377, 17),
(27287, 8377, 18),
(27288, 8377, 19),
(27289, 8377, 20),
(27290, 8378, 17),
(27291, 8378, 18),
(27292, 8378, 19),
(27293, 8378, 20),
(27302, 8381, 17),
(27303, 8381, 18),
(27304, 8382, 19),
(27305, 8382, 20),
(27306, 8383, 17),
(27307, 8383, 18),
(27308, 8384, 19),
(27309, 8384, 20),
(27310, 8385, 10),
(27311, 8385, 11),
(27312, 8386, 12),
(27313, 8386, 13),
(27314, 8387, 12),
(27315, 8387, 13),
(27334, 8394, 12),
(27335, 8394, 13),
(27336, 8393, 12),
(27337, 8393, 13),
(27338, 8392, 12),
(27339, 8392, 13),
(27342, 8395, 12),
(27343, 8395, 13),
(27348, 8398, 15),
(27349, 8398, 16),
(27352, 8375, 17),
(27353, 8375, 18),
(27354, 8375, 19),
(27355, 8375, 20),
(27356, 8396, 12),
(27357, 8396, 13),
(27358, 8397, 12),
(27359, 8397, 13),
(27360, 8400, 10),
(27361, 8400, 11),
(27362, 8400, 12),
(27363, 8401, 10),
(27364, 8401, 11),
(27365, 8401, 12),
(27366, 8402, 8),
(27367, 8402, 9),
(27368, 8402, 10),
(27369, 8403, 8),
(27370, 8403, 9),
(27371, 8403, 10),
(27372, 8404, 8),
(27373, 8404, 9),
(27374, 8404, 10),
(27375, 8405, 13),
(27376, 8405, 14),
(27377, 8406, 13),
(27378, 8406, 14),
(27379, 8407, 13),
(27380, 8407, 14),
(27381, 8408, 11),
(27382, 8408, 12),
(27383, 8409, 11),
(27384, 8409, 12),
(27385, 8410, 11),
(27386, 8410, 12),
(27391, 8411, 15),
(27392, 8411, 16),
(27395, 8413, 17),
(27396, 8413, 18),
(27401, 8415, 17),
(27402, 8415, 18),
(27403, 8416, 17),
(27404, 8416, 18),
(27405, 8417, 8),
(27406, 8417, 9),
(27407, 8418, 8),
(27408, 8418, 9),
(27409, 8419, 19),
(27410, 8419, 20),
(27411, 8420, 19),
(27412, 8420, 20),
(27413, 8421, 15),
(27414, 8421, 16),
(27415, 8422, 17),
(27416, 8422, 18),
(27417, 8423, 15),
(27418, 8423, 16),
(27419, 8424, 17),
(27420, 8424, 18),
(27421, 8425, 8),
(27422, 8425, 9),
(27423, 8426, 17),
(27424, 8426, 18),
(27425, 8427, 19),
(27426, 8427, 20),
(27427, 8428, 15),
(27428, 8428, 16),
(27429, 8429, 17),
(27430, 8429, 18),
(27431, 8430, 19),
(27432, 8430, 20),
(27435, 8432, 19),
(27436, 8432, 20),
(27441, 8435, 19),
(27442, 8435, 20),
(27443, 8436, 17),
(27444, 8436, 18),
(27449, 8434, 8),
(27450, 8434, 9),
(27455, 8439, 12),
(27456, 8439, 13),
(27457, 8440, 10),
(27458, 8440, 11),
(27459, 8441, 17),
(27460, 8441, 18),
(27461, 8442, 19),
(27462, 8442, 20),
(27463, 8443, 17),
(27464, 8443, 18),
(27465, 8444, 19),
(27466, 8444, 20),
(27467, 8445, 17),
(27468, 8445, 18),
(27469, 8446, 10),
(27470, 8446, 11),
(27471, 8447, 12),
(27472, 8447, 13),
(27475, 8449, 10),
(27476, 8449, 11),
(27477, 8450, 12),
(27478, 8450, 13),
(27479, 8451, 15),
(27480, 8451, 16),
(27481, 8452, 8),
(27482, 8452, 9),
(27495, 8459, 17),
(27496, 8459, 18),
(27497, 8460, 19),
(27498, 8460, 20),
(27499, 8461, 8),
(27500, 8461, 9),
(27501, 8462, 17),
(27502, 8462, 18),
(27505, 8464, 19),
(27506, 8464, 20),
(27509, 8466, 19),
(27510, 8466, 20),
(27511, 8467, 19),
(27512, 8467, 20),
(27513, 8468, 17),
(27514, 8468, 18),
(27515, 8469, 15),
(27516, 8469, 16),
(27519, 8465, 19),
(27520, 8465, 20),
(27527, 8448, 17),
(27528, 8448, 18),
(27529, 8412, 15),
(27530, 8412, 16),
(27531, 8414, 17),
(27532, 8414, 18),
(27533, 8463, 19),
(27534, 8463, 20),
(27535, 8472, 10),
(27536, 8472, 11),
(27541, 8474, 9),
(27542, 8474, 10),
(27557, 8476, 10),
(27558, 8476, 11),
(27559, 8476, 12),
(27562, 8479, 17),
(27563, 8479, 18),
(27564, 8480, 19),
(27565, 8480, 20),
(27569, 8483, 17),
(27570, 8483, 18),
(27571, 8484, 19),
(27572, 8484, 20),
(27573, 8485, 19),
(27574, 8485, 20),
(27575, 8486, 17),
(27576, 8486, 18),
(27577, 8487, 17),
(27578, 8488, 18),
(27579, 8488, 19),
(27584, 8491, 17),
(27585, 8491, 18),
(27586, 8492, 19),
(27587, 8493, 18),
(27588, 8493, 19),
(27589, 8494, 17),
(27590, 8495, 8),
(27591, 8495, 9),
(27592, 8495, 10),
(27593, 8496, 15),
(27594, 8496, 16),
(27595, 8496, 17),
(27596, 8497, 15),
(27597, 8497, 16),
(27598, 8497, 17),
(27599, 8498, 11),
(27600, 8498, 12),
(27601, 8498, 13),
(27602, 8499, 11),
(27603, 8499, 12),
(27604, 8499, 13),
(27605, 8500, 18),
(27606, 8500, 19),
(27607, 8500, 20),
(27608, 8501, 18),
(27609, 8501, 19),
(27610, 8501, 20),
(27614, 8503, 15),
(27615, 8503, 16),
(27616, 8503, 17),
(27617, 8504, 11),
(27618, 8504, 12),
(27619, 8504, 13),
(27620, 8505, 15),
(27621, 8505, 16),
(27622, 8505, 17),
(27623, 8506, 8),
(27624, 8506, 9),
(27625, 8506, 10),
(27626, 8507, 15),
(27627, 8507, 16),
(27628, 8507, 17),
(27629, 8508, 18),
(27630, 8508, 19),
(27631, 8508, 20),
(27632, 8509, 16),
(27633, 8509, 17),
(27634, 8509, 18),
(27635, 8510, 11),
(27636, 8510, 12),
(27637, 8510, 13),
(27638, 8511, 11),
(27639, 8511, 12),
(27640, 8511, 13),
(27644, 8513, 8),
(27645, 8513, 9),
(27646, 8513, 10),
(27650, 8515, 8),
(27651, 8515, 9),
(27652, 8515, 10),
(27656, 8516, 8),
(27657, 8516, 9),
(27658, 8516, 10),
(27659, 8517, 11),
(27660, 8517, 12),
(27661, 8517, 13),
(27662, 8518, 9),
(27663, 8518, 10),
(27664, 8519, 18),
(27665, 8519, 19),
(27666, 8520, 11),
(27667, 8520, 12),
(27668, 8521, 9),
(27669, 8521, 10),
(27670, 8522, 9),
(27671, 8522, 10),
(27672, 8523, 11),
(27673, 8523, 12),
(27674, 8524, 11),
(27675, 8524, 12),
(27676, 8525, 11),
(27677, 8525, 12),
(27678, 8526, 9),
(27679, 8526, 10),
(27680, 8527, 9),
(27681, 8527, 10),
(27682, 8528, 9),
(27683, 8528, 10),
(27684, 8529, 11),
(27685, 8529, 12),
(27688, 8530, 11),
(27689, 8530, 12),
(27690, 8531, 11),
(27691, 8531, 12),
(27692, 8532, 12),
(27693, 8532, 13),
(27694, 8533, 9),
(27695, 8533, 10),
(27698, 8534, 19),
(27699, 8534, 20),
(27702, 8536, 11),
(27703, 8536, 12),
(27704, 8536, 13),
(27705, 8502, 11),
(27706, 8502, 12),
(27707, 8502, 13),
(27708, 8537, 11),
(27709, 8537, 12),
(27710, 8537, 13),
(27711, 8535, 19),
(27712, 8535, 20),
(27713, 8538, 17),
(27714, 8538, 18),
(27715, 8538, 19),
(27716, 8539, 17),
(27717, 8539, 18),
(27718, 8539, 19),
(27722, 8540, 8),
(27723, 8540, 9),
(27724, 8540, 10),
(27728, 8541, 15),
(27729, 8541, 16),
(27730, 8541, 17),
(27731, 8542, 11),
(27732, 8542, 12),
(27733, 8542, 13),
(27734, 8543, 18),
(27735, 8543, 19),
(27736, 8543, 20),
(27746, 8546, 8),
(27747, 8546, 9),
(27748, 8546, 10),
(27749, 8547, 11),
(27750, 8547, 12),
(27751, 8547, 13),
(27752, 8548, 9),
(27753, 8548, 10),
(27754, 8549, 11),
(27755, 8549, 12),
(27756, 8545, 8),
(27757, 8545, 9),
(27758, 8545, 10),
(27759, 8544, 11),
(27760, 8544, 12),
(27761, 8544, 13),
(27765, 8551, 8),
(27766, 8551, 9),
(27767, 8551, 10),
(27768, 8550, 11),
(27769, 8550, 12),
(27770, 8550, 13),
(27771, 8489, 19),
(27772, 8489, 20),
(27773, 8490, 17),
(27774, 8490, 18),
(27779, 7962, 10),
(27780, 7962, 11),
(27783, 8049, 10),
(27784, 8049, 11),
(27785, 8007, 8),
(27786, 8007, 9),
(27787, 8007, 10),
(27788, 7971, 11),
(27789, 7971, 12),
(27790, 8552, 17),
(27791, 8552, 18),
(27792, 8553, 19),
(27793, 8553, 20),
(27794, 8554, 19),
(27795, 8554, 20),
(27796, 8555, 19),
(27797, 8555, 20),
(27798, 8556, 17),
(27799, 8556, 18),
(27802, 8558, 17),
(27803, 8558, 18),
(27804, 8559, 19),
(27805, 8559, 20),
(27808, 8560, 19),
(27809, 8560, 20),
(27812, 8562, 17),
(27813, 8562, 18),
(27818, 8565, 17),
(27819, 8565, 18),
(27820, 8566, 17),
(27821, 8566, 18),
(27822, 8567, 19),
(27823, 8567, 20),
(27830, 8563, 19),
(27831, 8563, 20),
(27832, 8570, 17),
(27833, 8570, 18),
(27834, 8571, 19),
(27835, 8571, 20),
(27836, 8572, 17),
(27837, 8572, 18),
(27838, 8573, 19),
(27839, 8573, 20),
(27840, 8574, 19),
(27841, 8574, 20),
(27842, 8575, 17),
(27843, 8575, 18),
(27844, 8576, 19),
(27845, 8576, 20),
(27846, 8577, 17),
(27847, 8577, 18),
(27848, 8578, 19),
(27849, 8578, 20),
(27850, 8579, 16),
(27851, 8579, 17),
(27852, 8579, 18),
(27853, 8579, 19),
(27854, 8579, 20),
(27855, 8579, 21),
(27856, 8580, 17),
(27857, 8580, 18),
(27858, 8580, 19),
(27859, 8581, 16),
(27860, 8581, 17),
(27861, 8581, 18),
(27862, 8582, 19),
(27863, 8582, 20),
(27866, 8584, 16),
(27867, 8584, 17),
(27868, 8584, 18),
(27869, 8585, 19),
(27870, 8585, 20),
(27871, 8585, 21),
(27876, 8587, 19),
(27877, 8587, 20),
(27878, 8586, 17),
(27879, 8586, 18),
(27880, 8586, 19),
(27881, 8586, 20),
(27882, 8583, 17),
(27883, 8583, 18),
(27884, 8588, 8),
(27885, 8588, 9),
(27886, 8588, 10),
(27887, 8589, 15),
(27888, 8589, 16),
(27889, 8589, 17),
(27890, 8590, 15),
(27891, 8590, 16),
(27892, 8590, 17),
(27893, 8591, 10),
(27894, 8591, 11),
(27895, 8592, 9),
(27896, 8592, 10),
(27897, 8593, 9),
(27898, 8593, 10),
(27899, 8594, 11),
(27900, 8594, 12),
(27901, 8594, 13),
(27902, 8595, 11),
(27903, 8595, 12),
(27904, 8595, 13),
(27905, 8596, 11),
(27906, 8596, 12),
(27907, 8596, 13),
(27908, 8597, 17),
(27909, 8597, 18),
(27910, 8598, 18),
(27911, 8598, 19),
(27914, 8599, 18),
(27915, 8599, 19),
(27916, 8600, 10),
(27917, 8600, 11),
(27918, 8601, 10),
(27919, 8601, 11),
(27920, 8602, 10),
(27921, 8602, 11),
(27924, 8603, 8),
(27925, 8603, 9),
(27926, 8604, 8),
(27927, 8604, 9),
(27928, 8605, 8),
(27929, 8605, 9),
(27930, 8606, 8),
(27931, 8606, 9),
(27932, 8607, 8),
(27933, 8607, 9),
(27934, 8608, 8),
(27935, 8608, 9),
(27936, 8609, 15),
(27937, 8609, 16),
(27938, 8610, 12),
(27939, 8610, 13),
(27940, 8611, 12),
(27941, 8611, 13),
(27942, 8612, 8),
(27943, 8612, 9),
(27944, 8613, 10),
(27945, 8613, 11),
(27948, 8615, 12),
(27949, 8615, 13),
(27950, 8616, 15),
(27951, 8616, 16),
(27952, 8617, 19),
(27953, 8617, 20),
(27956, 8618, 15),
(27957, 8618, 16),
(27958, 8619, 17),
(27959, 8619, 18),
(27964, 8622, 8),
(27965, 8622, 9),
(27966, 8623, 19),
(27967, 8623, 20),
(27970, 8624, 10),
(27971, 8624, 11),
(27972, 8625, 12),
(27973, 8625, 13),
(27974, 8626, 12),
(27975, 8626, 13),
(27976, 8627, 8),
(27977, 8627, 9),
(27980, 8629, 19),
(27981, 8629, 20),
(27982, 8630, 12),
(27983, 8630, 13),
(27984, 8631, 17),
(27985, 8631, 18),
(27986, 8632, 19),
(27987, 8632, 20),
(27988, 8633, 17),
(27989, 8633, 18),
(27990, 8634, 17),
(27991, 8634, 18),
(27992, 8635, 15),
(27993, 8635, 16),
(27994, 8636, 15),
(27995, 8636, 16),
(27996, 8637, 19),
(27997, 8637, 20),
(28000, 8639, 12),
(28001, 8639, 13),
(28002, 8640, 12),
(28003, 8640, 13),
(28004, 8641, 17),
(28005, 8641, 18),
(28006, 8642, 19),
(28007, 8642, 20),
(28008, 8643, 17),
(28009, 8643, 18),
(28012, 8645, 19),
(28013, 8645, 20),
(28014, 8646, 17),
(28015, 8646, 18),
(28016, 8647, 19),
(28017, 8647, 20),
(28018, 8648, 17),
(28019, 8648, 18),
(28020, 8649, 17),
(28021, 8649, 18),
(28022, 8650, 19),
(28023, 8650, 20),
(28028, 8653, 19),
(28029, 8653, 20),
(28030, 8654, 17),
(28031, 8654, 18),
(28032, 8655, 15),
(28033, 8655, 16),
(28034, 8656, 19),
(28035, 8656, 20),
(28036, 8657, 17),
(28037, 8657, 18),
(28038, 8658, 15),
(28039, 8658, 16),
(28040, 8659, 12),
(28041, 8659, 13),
(28042, 8660, 15),
(28043, 8660, 16),
(28044, 8661, 17),
(28045, 8661, 18),
(28046, 8662, 10),
(28047, 8662, 11),
(28048, 8663, 8),
(28049, 8663, 9),
(28050, 8664, 15),
(28051, 8664, 16),
(28052, 8665, 12),
(28053, 8665, 13),
(28054, 8666, 12),
(28055, 8666, 13),
(28056, 8667, 12),
(28057, 8667, 13),
(28058, 8668, 17),
(28059, 8668, 18),
(28060, 8669, 15),
(28061, 8669, 16),
(28062, 8670, 10),
(28063, 8670, 11),
(28064, 8671, 15),
(28065, 8671, 16),
(28068, 8673, 15),
(28069, 8673, 16),
(28070, 8672, 15),
(28071, 8672, 16),
(28072, 8674, 10),
(28073, 8674, 11),
(28076, 8676, 15),
(28077, 8676, 16),
(28080, 8628, 17),
(28081, 8628, 18),
(28082, 8638, 17),
(28083, 8638, 18),
(28084, 8644, 17),
(28085, 8644, 18),
(28086, 8678, 8),
(28087, 8678, 9),
(28088, 8678, 10),
(28089, 8678, 11),
(28090, 8678, 12),
(28091, 8678, 13),
(28098, 8226, 15),
(28099, 8226, 16),
(28100, 8226, 17),
(28101, 8679, 15),
(28102, 8679, 16),
(28103, 8679, 17),
(28104, 8680, 18),
(28105, 8680, 19),
(28106, 8680, 20),
(28109, 8682, 14),
(28110, 8682, 15),
(28111, 8683, 16),
(28112, 8683, 17),
(28113, 8683, 18),
(28114, 8683, 19),
(28121, 8686, 8),
(28122, 8686, 9),
(28123, 8686, 10),
(28124, 8686, 11),
(28125, 8686, 12),
(28126, 8686, 13),
(28127, 8687, 12),
(28128, 8687, 13),
(28129, 8687, 14),
(28140, 7954, 12),
(28141, 7954, 13),
(28142, 8690, 8),
(28143, 8690, 9),
(28144, 8691, 8),
(28145, 8691, 9),
(28146, 8692, 10),
(28147, 8692, 11),
(28150, 8694, 12),
(28151, 8694, 13),
(28152, 8695, 17),
(28153, 8695, 18),
(28154, 8696, 19),
(28155, 8696, 20),
(28156, 8697, 8),
(28157, 8697, 9),
(28158, 8698, 10),
(28159, 8698, 11),
(28160, 8699, 8),
(28161, 8699, 9),
(28162, 8700, 10),
(28163, 8700, 11),
(28164, 8701, 12),
(28165, 8701, 13),
(28166, 8702, 12),
(28167, 8702, 13),
(28168, 8703, 8),
(28169, 8703, 9),
(28170, 8703, 10),
(28171, 8704, 11),
(28172, 8704, 12),
(28173, 8704, 13),
(28174, 8705, 9),
(28175, 8705, 10),
(28176, 8706, 11),
(28177, 8706, 12),
(28178, 8706, 13),
(28179, 8707, 10),
(28180, 8707, 11),
(28181, 8708, 8),
(28182, 8708, 9),
(28183, 8709, 8),
(28184, 8709, 9),
(28185, 8710, 10),
(28186, 8710, 11),
(28189, 8712, 12),
(28190, 8712, 13),
(28191, 8713, 17),
(28192, 8713, 18),
(28193, 8714, 19),
(28194, 8714, 20),
(28195, 8715, 17),
(28196, 8715, 18),
(28197, 8716, 19),
(28198, 8716, 20),
(28199, 8717, 8),
(28200, 8717, 9),
(28201, 8717, 10),
(28202, 8718, 11),
(28203, 8718, 12),
(28204, 8718, 13),
(28205, 8719, 15),
(28206, 8719, 16),
(28207, 8720, 11),
(28208, 8720, 12),
(28209, 8720, 13),
(28210, 8721, 15),
(28211, 8721, 16),
(28212, 8722, 15),
(28213, 8722, 16),
(28214, 8723, 8),
(28215, 8723, 9),
(28216, 8724, 10),
(28217, 8724, 11),
(28218, 8725, 12),
(28219, 8725, 13),
(28224, 8728, 10),
(28225, 8728, 11),
(28228, 8730, 15),
(28229, 8730, 16),
(28230, 8731, 15),
(28231, 8731, 16),
(28232, 8732, 17),
(28233, 8732, 18),
(28234, 8733, 19),
(28235, 8733, 20),
(28236, 8734, 8),
(28237, 8734, 9),
(28238, 8735, 8),
(28239, 8735, 9),
(28240, 8736, 10),
(28241, 8736, 11),
(28242, 8737, 12),
(28243, 8737, 13),
(28246, 8739, 15),
(28247, 8739, 16),
(28248, 8740, 8),
(28249, 8740, 9),
(28258, 8745, 12),
(28259, 8745, 13),
(28260, 8746, 15),
(28261, 8746, 16),
(28262, 8747, 15),
(28263, 8747, 16),
(28266, 8749, 19),
(28267, 8749, 20),
(28270, 8750, 19),
(28271, 8750, 20),
(28272, 8751, 19),
(28273, 8751, 20),
(28274, 8752, 8),
(28275, 8752, 9),
(28276, 8753, 10),
(28277, 8753, 11),
(28278, 8754, 12),
(28279, 8754, 13),
(28280, 8755, 15),
(28281, 8755, 16),
(28282, 8756, 15),
(28283, 8756, 16),
(28284, 8748, 17),
(28285, 8748, 18),
(28286, 8757, 12),
(28287, 8757, 13),
(28288, 8758, 8),
(28289, 8758, 9),
(28290, 8759, 10),
(28291, 8759, 11),
(28292, 8760, 12),
(28293, 8760, 13),
(28294, 8761, 15),
(28295, 8761, 16),
(28296, 8762, 17),
(28297, 8762, 18),
(28298, 8763, 19),
(28299, 8763, 20),
(28306, 8767, 15),
(28307, 8767, 16),
(28308, 8768, 19),
(28309, 8768, 20),
(28312, 8770, 17),
(28313, 8770, 18),
(28316, 8772, 17),
(28317, 8772, 18),
(28320, 8774, 19),
(28321, 8774, 20),
(28324, 8775, 10),
(28325, 8775, 11),
(28326, 8776, 12),
(28327, 8776, 13),
(28328, 8777, 15),
(28329, 8777, 16),
(28330, 8777, 17),
(28333, 8779, 10),
(28334, 8779, 11),
(28335, 8780, 12),
(28336, 8780, 13),
(28337, 8781, 8),
(28338, 8781, 9),
(28341, 8783, 18),
(28342, 8783, 19),
(28343, 8784, 16),
(28344, 8784, 17),
(28345, 8785, 8),
(28346, 8785, 9),
(28347, 8786, 10),
(28348, 8786, 11),
(28359, 8789, 8),
(28360, 8789, 9),
(28363, 8791, 12),
(28364, 8791, 13),
(28365, 8792, 12),
(28366, 8792, 13),
(28367, 8793, 10),
(28368, 8793, 11),
(28369, 8794, 12),
(28370, 8794, 13),
(28371, 8795, 15),
(28372, 8795, 16),
(28377, 8796, 10),
(28378, 8796, 11),
(28379, 8798, 12),
(28380, 8798, 13),
(28381, 8799, 8),
(28382, 8799, 9),
(28383, 8800, 10),
(28384, 8800, 11),
(28385, 8801, 12),
(28386, 8801, 13),
(28389, 8803, 10),
(28390, 8803, 11),
(28391, 8804, 8),
(28392, 8804, 9),
(28393, 8805, 10),
(28394, 8805, 11),
(28397, 8807, 15),
(28398, 8807, 16),
(28403, 8810, 8),
(28404, 8810, 9),
(28405, 8811, 10),
(28406, 8811, 11),
(28407, 8812, 8),
(28408, 8812, 9),
(28409, 8813, 12),
(28410, 8813, 13),
(28411, 8808, 15),
(28412, 8808, 16),
(28413, 8809, 15),
(28414, 8809, 16),
(28417, 8815, 10),
(28418, 8815, 11),
(28419, 8816, 8),
(28420, 8816, 9),
(28421, 8817, 12),
(28422, 8817, 13),
(28423, 8818, 15),
(28424, 8818, 16),
(28425, 8819, 15),
(28426, 8819, 16),
(28427, 8820, 15),
(28428, 8820, 16),
(28431, 8821, 10),
(28432, 8821, 11),
(28433, 8822, 9),
(28434, 8822, 10),
(28435, 8822, 11),
(28436, 8823, 12),
(28437, 8823, 13),
(28438, 8824, 12),
(28439, 8824, 13),
(28440, 8825, 9),
(28441, 8825, 10),
(28442, 8825, 11),
(28443, 8826, 12),
(28444, 8826, 13),
(28445, 8826, 14),
(28446, 8827, 15),
(28447, 8827, 16),
(28448, 8828, 15),
(28449, 8828, 16),
(28450, 8828, 17),
(28451, 8829, 8),
(28452, 8829, 9),
(28453, 8829, 10),
(28454, 8830, 10),
(28455, 8830, 11),
(28456, 8831, 12),
(28457, 8831, 13),
(28458, 8832, 11),
(28459, 8832, 12),
(28460, 8832, 13),
(28465, 8835, 8),
(28466, 8835, 9),
(28467, 8835, 10),
(28468, 8836, 15),
(28469, 8836, 16),
(28470, 8837, 11),
(28471, 8837, 12),
(28472, 8837, 13),
(28473, 8838, 8),
(28474, 8838, 9),
(28475, 8838, 10),
(28476, 8839, 11),
(28477, 8839, 12),
(28478, 8839, 13),
(28481, 8840, 12),
(28482, 8840, 13),
(28483, 8841, 10),
(28484, 8841, 11),
(28485, 8842, 12),
(28486, 8842, 13),
(28487, 8843, 10),
(28488, 8843, 11),
(28495, 8844, 17),
(28496, 8844, 18),
(28497, 8844, 19),
(28498, 8845, 8),
(28499, 8845, 9),
(28502, 8681, 16),
(28503, 8681, 17),
(28511, 8684, 18),
(28512, 8684, 19),
(28513, 8684, 20),
(28514, 8684, 21),
(28517, 8685, 20),
(28518, 8685, 21),
(28519, 8688, 10),
(28520, 8688, 11),
(28521, 8688, 12),
(28522, 8688, 13),
(28523, 8688, 14),
(28524, 8688, 15),
(28525, 8689, 17),
(28526, 8689, 18),
(28527, 8689, 19),
(28531, 8850, 12),
(28532, 8850, 13),
(28533, 8850, 14),
(28534, 8851, 8),
(28535, 8851, 9),
(28536, 8851, 10),
(28540, 8852, 11),
(28541, 8852, 12),
(28542, 8852, 13),
(28543, 8853, 8),
(28544, 8853, 9),
(28545, 8854, 10),
(28546, 8854, 11),
(28547, 8855, 8),
(28548, 8855, 9),
(28549, 8856, 10),
(28550, 8856, 11),
(28554, 8858, 8),
(28555, 8858, 9),
(28556, 8858, 10),
(28557, 8858, 11),
(28558, 8859, 12),
(28559, 8859, 13),
(28560, 8860, 10),
(28561, 8860, 11),
(28562, 8861, 9),
(28563, 8861, 10),
(28564, 8861, 11),
(28565, 8862, 8),
(28566, 8862, 9),
(28567, 8862, 10),
(28568, 8862, 11),
(28581, 8867, 12),
(28582, 8867, 13),
(28583, 8868, 8),
(28584, 8868, 9),
(28585, 8865, 8),
(28586, 8865, 9),
(28587, 8865, 10),
(28588, 8865, 11),
(28589, 8869, 8),
(28590, 8869, 9),
(28591, 8869, 10),
(28592, 8869, 11),
(28593, 8870, 12),
(28594, 8870, 13),
(28595, 8871, 18),
(28596, 8871, 19),
(28597, 8863, 12),
(28598, 8863, 13),
(28599, 8872, 20),
(28604, 8875, 17),
(28605, 8875, 18),
(28606, 8876, 17),
(28607, 8876, 18),
(28608, 8877, 8),
(28609, 8877, 9),
(28610, 8878, 19),
(28611, 8878, 20),
(28614, 8880, 19),
(28615, 8880, 20),
(28616, 8879, 17),
(28617, 8879, 18),
(28618, 8881, 10),
(28619, 8881, 11),
(28620, 8882, 19),
(28621, 8882, 20),
(28622, 8883, 17),
(28623, 8883, 18),
(28624, 8884, 17),
(28625, 8884, 18),
(28628, 8886, 19),
(28629, 8886, 20),
(28631, 8887, 16),
(28632, 8888, 19),
(28633, 8888, 20),
(28647, 8895, 17),
(28648, 8895, 18),
(28649, 8896, 19),
(28650, 8896, 20),
(28651, 8897, 19),
(28652, 8897, 20),
(28653, 8898, 17),
(28654, 8898, 18),
(28657, 8711, 10),
(28658, 8711, 11),
(28661, 8693, 10),
(28662, 8693, 11),
(28678, 8909, 17),
(28679, 8909, 18),
(28681, 8911, 17),
(28682, 8911, 18),
(28683, 8912, 19),
(28684, 8912, 20),
(28685, 8913, 17),
(28686, 8913, 18),
(28687, 8914, 19),
(28688, 8914, 20),
(28689, 8915, 16),
(28690, 8916, 17),
(28691, 8916, 18),
(28692, 8917, 17),
(28693, 8917, 18),
(28696, 8918, 19),
(28697, 8918, 20),
(28700, 8919, 17),
(28701, 8919, 18),
(28702, 8920, 19),
(28703, 8920, 20),
(28704, 8921, 17),
(28705, 8921, 18),
(28706, 8922, 17),
(28707, 8922, 18),
(28708, 8923, 17),
(28709, 8923, 18),
(28710, 8923, 19),
(28711, 8923, 20),
(28716, 8903, 17),
(28717, 8903, 18),
(28720, 8926, 15),
(28721, 8926, 16),
(28722, 8927, 15),
(28723, 8927, 16),
(28724, 8928, 17),
(28725, 8928, 18),
(28726, 8929, 19),
(28727, 8929, 20),
(28728, 8930, 8),
(28729, 8930, 9),
(28730, 8931, 10),
(28731, 8931, 11),
(28732, 8932, 12),
(28733, 8932, 13),
(28734, 8933, 15),
(28735, 8933, 16),
(28736, 8934, 15),
(28737, 8934, 16),
(28738, 8935, 17),
(28739, 8935, 18),
(28752, 8899, 17),
(28753, 8899, 18),
(28754, 8900, 19),
(28755, 8900, 20),
(28756, 8942, 17),
(28757, 8942, 18),
(28758, 8943, 19),
(28759, 8943, 20),
(28760, 8944, 17),
(28761, 8944, 18),
(28762, 8945, 19),
(28763, 8945, 20),
(28764, 8946, 15),
(28765, 8946, 16),
(28766, 8947, 15),
(28767, 8947, 16),
(28780, 8954, 8),
(28781, 8954, 9),
(28782, 8955, 10),
(28783, 8955, 11),
(28784, 8956, 12),
(28785, 8956, 13),
(28786, 8957, 15),
(28787, 8957, 16),
(28788, 8958, 17),
(28789, 8958, 18),
(28790, 8959, 19),
(28791, 8959, 20),
(28794, 8961, 10),
(28795, 8961, 11),
(28800, 8964, 15),
(28801, 8964, 16),
(28812, 8970, 12),
(28813, 8970, 13),
(28814, 8971, 10),
(28815, 8971, 11),
(28816, 8972, 12),
(28817, 8972, 13),
(28818, 8973, 12),
(28819, 8973, 13),
(28820, 8974, 12),
(28821, 8974, 13),
(28822, 8975, 10),
(28823, 8975, 11),
(28826, 8977, 12),
(28827, 8977, 13),
(28828, 8978, 15),
(28829, 8978, 16),
(28832, 8980, 8),
(28833, 8980, 9),
(28834, 8981, 10),
(28835, 8981, 11),
(28840, 8984, 15),
(28841, 8984, 16),
(28842, 8985, 12),
(28843, 8985, 13),
(28848, 8987, 15),
(28849, 8987, 16),
(28852, 8988, 10),
(28853, 8988, 11),
(28854, 8989, 12),
(28855, 8989, 13),
(28856, 8990, 8),
(28857, 8990, 9),
(28858, 8991, 8),
(28859, 8991, 9),
(28866, 8994, 17),
(28867, 8994, 18),
(28868, 8995, 8),
(28869, 8995, 9),
(28870, 8996, 12),
(28871, 8996, 13),
(28872, 8996, 14),
(28873, 8997, 8),
(28874, 8997, 9),
(28875, 8998, 8),
(28876, 8998, 9),
(28877, 8999, 10),
(28878, 8999, 11),
(28879, 9000, 12),
(28880, 9000, 13),
(28881, 9001, 10),
(28882, 9001, 11),
(28883, 9002, 12),
(28884, 9002, 13),
(28885, 9003, 8),
(28886, 9003, 9),
(28887, 9004, 15),
(28888, 9004, 16),
(28889, 9005, 15),
(28890, 9005, 16),
(28891, 9006, 8),
(28892, 9006, 9),
(28893, 9007, 10),
(28894, 9007, 11),
(28895, 9008, 10),
(28896, 9008, 11),
(28897, 9009, 8),
(28898, 9009, 9),
(28903, 9012, 8),
(28904, 9012, 9),
(28905, 9013, 10),
(28906, 9013, 11),
(28909, 9015, 8),
(28910, 9015, 9),
(28911, 9016, 12),
(28912, 9016, 13),
(28917, 9019, 12),
(28918, 9019, 13),
(28919, 9017, 8),
(28920, 9017, 9),
(28921, 9018, 10),
(28922, 9018, 11),
(28923, 9020, 15),
(28924, 9020, 16),
(28925, 9021, 10),
(28926, 9021, 11),
(28927, 9022, 8),
(28928, 9022, 9),
(28929, 9023, 15),
(28930, 9023, 16),
(28931, 9024, 10),
(28932, 9024, 11),
(28933, 9025, 10),
(28934, 9025, 11),
(28935, 9026, 12),
(28936, 9026, 13),
(28937, 9027, 12),
(28938, 9027, 13),
(28939, 9028, 17),
(28940, 9028, 18),
(28941, 9029, 19),
(28942, 9029, 20),
(28943, 9030, 15),
(28944, 9030, 16),
(28945, 9031, 8),
(28946, 9031, 9),
(28947, 9032, 10),
(28948, 9032, 11),
(28949, 9033, 12),
(28950, 9033, 13),
(28951, 9033, 14),
(28958, 9037, 8),
(28959, 9037, 9),
(28960, 9038, 15),
(28961, 9038, 16),
(28962, 9039, 15),
(28963, 9039, 16),
(28964, 9040, 8),
(28965, 9040, 9),
(28966, 9041, 10),
(28967, 9041, 11),
(28970, 9043, 10),
(28971, 9043, 11),
(28972, 9044, 12),
(28973, 9044, 13),
(28974, 9045, 12),
(28975, 9045, 13),
(28978, 9046, 12),
(28979, 9046, 13),
(28980, 9047, 12),
(28981, 9047, 13),
(28986, 9050, 12),
(28987, 9050, 13),
(28988, 9051, 8),
(28989, 9051, 9),
(28990, 9052, 10),
(28991, 9052, 11),
(28994, 9054, 15),
(28995, 9054, 16),
(28996, 9055, 17),
(28997, 9055, 18),
(28998, 9056, 15),
(28999, 9056, 16),
(29000, 9057, 12),
(29001, 9057, 13),
(29002, 9058, 19),
(29003, 9058, 20),
(29004, 9059, 8),
(29005, 9059, 9),
(29006, 9060, 10),
(29007, 9060, 11),
(29018, 9053, 12),
(29019, 9053, 13),
(29032, 8107, 17),
(29033, 8107, 18),
(29034, 8107, 19),
(29042, 8089, 17),
(29043, 8089, 18),
(29044, 8089, 19),
(29050, 8080, 17),
(29051, 8080, 18),
(29052, 8081, 19),
(29053, 8081, 20),
(29054, 8950, 12),
(29055, 8950, 13),
(29056, 8948, 8),
(29057, 8948, 9),
(29058, 8951, 15),
(29059, 8951, 16),
(29060, 8949, 10),
(29061, 8949, 11),
(29062, 8952, 17),
(29063, 8952, 18),
(29064, 8953, 19),
(29065, 8953, 20),
(29066, 8729, 8),
(29067, 8729, 9),
(29068, 8727, 12),
(29069, 8727, 13),
(29070, 9064, 12),
(29071, 9064, 13),
(29072, 9065, 15),
(29073, 9065, 16),
(29074, 9066, 17),
(29075, 9066, 18),
(29076, 9067, 19),
(29077, 9067, 20),
(29108, 8771, 12),
(29109, 8771, 13),
(29110, 8773, 8),
(29111, 8773, 9),
(29112, 8769, 15),
(29113, 8769, 16),
(29114, 8078, 11),
(29115, 8078, 12),
(29116, 8078, 13),
(29117, 8079, 14),
(29118, 8079, 15),
(29119, 8079, 16),
(29124, 9081, 15),
(29125, 9081, 16),
(29126, 9082, 17),
(29127, 9082, 18),
(29130, 9084, 8),
(29131, 9084, 9),
(29132, 9085, 10),
(29133, 9085, 11),
(29134, 9086, 8),
(29135, 9086, 9),
(29136, 9087, 10),
(29137, 9087, 11),
(29138, 8473, 19),
(29139, 8473, 20),
(29140, 8557, 19),
(29141, 8557, 20),
(29142, 8620, 19),
(29143, 8620, 20),
(29144, 8342, 8),
(29145, 8342, 9),
(29146, 8380, 17),
(29147, 8380, 18),
(29148, 8380, 19),
(29149, 8380, 20),
(29150, 8379, 17),
(29151, 8379, 18),
(29152, 8379, 19),
(29153, 8379, 20),
(29154, 9088, 10),
(29155, 9088, 11),
(29156, 9089, 12),
(29157, 9089, 13),
(29158, 9090, 15),
(29159, 9090, 16),
(29160, 9091, 17),
(29161, 9091, 18),
(29162, 9092, 19),
(29163, 9092, 20),
(29190, 9105, 15),
(29191, 9105, 16),
(29192, 9106, 17),
(29193, 9106, 18),
(29196, 9108, 8),
(29197, 9108, 9),
(29198, 9109, 10),
(29199, 9109, 11),
(29202, 9111, 12),
(29203, 9111, 13),
(29218, 9118, 15),
(29219, 9118, 16),
(29222, 9120, 17),
(29223, 9120, 18),
(29230, 9115, 15),
(29231, 9115, 16),
(29232, 9112, 17),
(29233, 9112, 18),
(29234, 9114, 19),
(29235, 9114, 20),
(29236, 9113, 19),
(29237, 9113, 20),
(29238, 9123, 8),
(29239, 9123, 9),
(29240, 9124, 12),
(29241, 9124, 13),
(29242, 9125, 15),
(29243, 9125, 16),
(29244, 9126, 17),
(29245, 9126, 18),
(29280, 8765, 10),
(29281, 8765, 11),
(29282, 8764, 10),
(29283, 8764, 11),
(29284, 8766, 12),
(29285, 8766, 13),
(29286, 8095, 10),
(29287, 8095, 11),
(29288, 7969, 8),
(29289, 7969, 9),
(29290, 7969, 10),
(29291, 9094, 12),
(29292, 9094, 13),
(29295, 9102, 17),
(29296, 9102, 18),
(29299, 9101, 17),
(29300, 9101, 18),
(29303, 9095, 15),
(29304, 9095, 16),
(29305, 9096, 17),
(29306, 9096, 18),
(29307, 9097, 19),
(29308, 9097, 20),
(29311, 9098, 10),
(29312, 9098, 11),
(29313, 9099, 12),
(29314, 9099, 13),
(29317, 8235, 10),
(29318, 8235, 11),
(29319, 8983, 12),
(29320, 8983, 13),
(29321, 8982, 10),
(29322, 8982, 11),
(29325, 8240, 15),
(29326, 8240, 16),
(29327, 8738, 10),
(29328, 8738, 11),
(29331, 8848, 12),
(29332, 8848, 13),
(29333, 8986, 12),
(29334, 8986, 13),
(29335, 8846, 15),
(29336, 8846, 16),
(29337, 9143, 8),
(29338, 9143, 9),
(29339, 9144, 10),
(29340, 9144, 11),
(29341, 9145, 12),
(29342, 9145, 13),
(29343, 9146, 8),
(29344, 9146, 9),
(29345, 9147, 10),
(29346, 9147, 11),
(29347, 9148, 12),
(29348, 9148, 13),
(29349, 9148, 14),
(29350, 9149, 8),
(29351, 9149, 9),
(29352, 9150, 10),
(29353, 9150, 11),
(29354, 9151, 12),
(29355, 9151, 13),
(29356, 9152, 15),
(29357, 9152, 16),
(29360, 9154, 8),
(29361, 9154, 9),
(29362, 9155, 10),
(29363, 9155, 11),
(29364, 9156, 12),
(29365, 9156, 13),
(29366, 9157, 12),
(29367, 9157, 13),
(29370, 9159, 15),
(29371, 9159, 16),
(29372, 9160, 15),
(29373, 9160, 16),
(29378, 9163, 12),
(29379, 9163, 13),
(29380, 9164, 10),
(29381, 9164, 11),
(29386, 9167, 17),
(29387, 9167, 18),
(29388, 9168, 15),
(29389, 9168, 16),
(29390, 9169, 14),
(29391, 9169, 15),
(29392, 9169, 16),
(29393, 9170, 17),
(29394, 9170, 18),
(29395, 9170, 19),
(29396, 9171, 8),
(29397, 9171, 9),
(29398, 9171, 10),
(29399, 9172, 11),
(29400, 9172, 12),
(29401, 9172, 13),
(29402, 9173, 9),
(29403, 9173, 10),
(29404, 9174, 11),
(29405, 9174, 12),
(29406, 9175, 15),
(29407, 9175, 16),
(29408, 9176, 17),
(29409, 9176, 18),
(29414, 9179, 8),
(29415, 9179, 9),
(29416, 9180, 8),
(29417, 9180, 9),
(29418, 9181, 10),
(29419, 9181, 11),
(29424, 9184, 10),
(29425, 9184, 11),
(29440, 8814, 12),
(29441, 8814, 13),
(29446, 9194, 8),
(29447, 9194, 9),
(29448, 9195, 10),
(29449, 9195, 11),
(29450, 9196, 10),
(29451, 9196, 11),
(29452, 9197, 8),
(29453, 9197, 9),
(29454, 9198, 10),
(29455, 9198, 11),
(29456, 9199, 12),
(29457, 9199, 13),
(29458, 9200, 12),
(29459, 9200, 13),
(29460, 9201, 12),
(29461, 9201, 13),
(29462, 9202, 15),
(29463, 9202, 16),
(29464, 9203, 8),
(29465, 9203, 9),
(29466, 9204, 10),
(29467, 9204, 11),
(29468, 9205, 12),
(29469, 9205, 13),
(29470, 8391, 12),
(29471, 8391, 13),
(29472, 8453, 15),
(29473, 8453, 16),
(29474, 8454, 15),
(29475, 8454, 16),
(29476, 8455, 12),
(29477, 8455, 13),
(29478, 8456, 12),
(29479, 8456, 13),
(29480, 8457, 17),
(29481, 8457, 18),
(29482, 8458, 17),
(29483, 8458, 18),
(29490, 9207, 11),
(29491, 9207, 12),
(29492, 9207, 13),
(29493, 9206, 11),
(29494, 9206, 12),
(29495, 9206, 13),
(29496, 8389, 8),
(29497, 8389, 9),
(29498, 8390, 12),
(29499, 8390, 13),
(29500, 9110, 10),
(29501, 9110, 11),
(29502, 9093, 10),
(29503, 9093, 11),
(29504, 8140, 8),
(29505, 8140, 9),
(29506, 8140, 10),
(29509, 8111, 18),
(29510, 8111, 19),
(29515, 8726, 12),
(29516, 8726, 13),
(29522, 8782, 10),
(29523, 8782, 11),
(29524, 8790, 10),
(29525, 8790, 11),
(29530, 8788, 19),
(29531, 8788, 20),
(29535, 8101, 12),
(29536, 8101, 13),
(29537, 8101, 14),
(29538, 8778, 8),
(29539, 8778, 9),
(29540, 9063, 10),
(29541, 9063, 11),
(29542, 9062, 12),
(29543, 9062, 13),
(29546, 9036, 10),
(29547, 9036, 11),
(29550, 8866, 15),
(29551, 8866, 16),
(29552, 8866, 17),
(29553, 8849, 9),
(29554, 8849, 10),
(29555, 8849, 11),
(29558, 8060, 8),
(29559, 8060, 9),
(29582, 8992, 10),
(29583, 8992, 11),
(29584, 8993, 12),
(29585, 8993, 13),
(29596, 8100, 11),
(29597, 8100, 12),
(29598, 8100, 13),
(29601, 9223, 18),
(29602, 9223, 19),
(29603, 9223, 20),
(29604, 9224, 17),
(29605, 9224, 18),
(29606, 9224, 19),
(29607, 9224, 20),
(29608, 8471, 19),
(29609, 8471, 20),
(29610, 8864, 12),
(29611, 8864, 13),
(29612, 8864, 14),
(29619, 7994, 16),
(29620, 7993, 17),
(29621, 7993, 18),
(29622, 8061, 10),
(29623, 8061, 11),
(29630, 9193, 10),
(29631, 9193, 11),
(29632, 9191, 10),
(29633, 9191, 11),
(29646, 9153, 12),
(29647, 9153, 13),
(29652, 9192, 12),
(29653, 9192, 13),
(29658, 9226, 10),
(29659, 9226, 11),
(29660, 9227, 10),
(29661, 9227, 11),
(29662, 9228, 10),
(29663, 9228, 11),
(29664, 9229, 12),
(29665, 9229, 13),
(29666, 9230, 15),
(29667, 9230, 16),
(29668, 9231, 15),
(29669, 9231, 16),
(29670, 9232, 17),
(29671, 9232, 18),
(29672, 9233, 17),
(29673, 9233, 18),
(29676, 9235, 12),
(29677, 9235, 13),
(29678, 8438, 11),
(29679, 8438, 12),
(29688, 8651, 17),
(29689, 8651, 18),
(29690, 8652, 19),
(29691, 8652, 20),
(29697, 9238, 8),
(29698, 9238, 9),
(29703, 9241, 8),
(29704, 9241, 9),
(29705, 9242, 15),
(29706, 9242, 16),
(29707, 9242, 17),
(29708, 9243, 18),
(29709, 9243, 19),
(29710, 9243, 20),
(29711, 9244, 16),
(29712, 9244, 17),
(29713, 9245, 18),
(29714, 9245, 19),
(29723, 9068, 17),
(29724, 9068, 18),
(29725, 9070, 19),
(29726, 9070, 20),
(29727, 9072, 8),
(29728, 9072, 9),
(29733, 9074, 12),
(29734, 9074, 13),
(29735, 9079, 12),
(29736, 9079, 13),
(29741, 9076, 10),
(29742, 9076, 11),
(29745, 8936, 11),
(29746, 8936, 12),
(29747, 8937, 13),
(29748, 8937, 14),
(29749, 9135, 12),
(29750, 9135, 13),
(29753, 9137, 17),
(29754, 9137, 18),
(29757, 9129, 10),
(29758, 9129, 11),
(29761, 9121, 12),
(29762, 9121, 13),
(29763, 9116, 12),
(29764, 9116, 13),
(29765, 9100, 15),
(29766, 9100, 16),
(29767, 9128, 17),
(29768, 9128, 18),
(29769, 9138, 8),
(29770, 9138, 9),
(29779, 9122, 15),
(29780, 9122, 16),
(29783, 9249, 15),
(29784, 9249, 16),
(29785, 9250, 15),
(29786, 9250, 16),
(29787, 9251, 15),
(29788, 9251, 16),
(29789, 9252, 15),
(29790, 9252, 16),
(29791, 9253, 15),
(29792, 9253, 16),
(29793, 9254, 15),
(29794, 9254, 16),
(29795, 9255, 15),
(29796, 9255, 16),
(29797, 9256, 15),
(29798, 9256, 16),
(29799, 9257, 15),
(29800, 9257, 16),
(29801, 9258, 15),
(29802, 9258, 16),
(29805, 9237, 10),
(29806, 9237, 11),
(29807, 9139, 10),
(29808, 9139, 11),
(29809, 9141, 12),
(29810, 9141, 13),
(29811, 8130, 11),
(29812, 8130, 12),
(29813, 8130, 13),
(29816, 9049, 12),
(29817, 9049, 13),
(29818, 9048, 8),
(29819, 9048, 9),
(29820, 9259, 10),
(29821, 9259, 11),
(29822, 9260, 10),
(29823, 9260, 11),
(29824, 9261, 12),
(29825, 9261, 13),
(29826, 9262, 12),
(29827, 9262, 13),
(29832, 9234, 8),
(29833, 9234, 9),
(29836, 9236, 15),
(29837, 9236, 16),
(29838, 9178, 15),
(29839, 9178, 16),
(29842, 9177, 15),
(29843, 9177, 16),
(29846, 9158, 15),
(29847, 9158, 16),
(29848, 9078, 8),
(29849, 9078, 9),
(29850, 9071, 12),
(29851, 9071, 13),
(29854, 8962, 10),
(29855, 8962, 11),
(29856, 8963, 12),
(29857, 8963, 13),
(29858, 8960, 8),
(29859, 8960, 9),
(29860, 9069, 15),
(29861, 9069, 16),
(29862, 8965, 15),
(29863, 8965, 16),
(29864, 8966, 17),
(29865, 8966, 18),
(29868, 9075, 8),
(29869, 9075, 9),
(29870, 8041, 10),
(29871, 8041, 11),
(29872, 8742, 12),
(29873, 8742, 13),
(29877, 8016, 12),
(29878, 8016, 13),
(29881, 9185, 8),
(29882, 9185, 9),
(29885, 9187, 10),
(29886, 9187, 11),
(29887, 9225, 8),
(29888, 9225, 9),
(29889, 8741, 10),
(29890, 8741, 11),
(29891, 9208, 15),
(29892, 9208, 16),
(29893, 9209, 15),
(29894, 9209, 16),
(29895, 9210, 15),
(29896, 9210, 16),
(29897, 9211, 15),
(29898, 9211, 16),
(29899, 9212, 15),
(29900, 9212, 16),
(29901, 9239, 12),
(29902, 9239, 13),
(29903, 8979, 8),
(29904, 8979, 9),
(29905, 8847, 15),
(29906, 8847, 16),
(29911, 9240, 17),
(29912, 9240, 18),
(29913, 8399, 15),
(29914, 8399, 16),
(29915, 8569, 19),
(29916, 8569, 20),
(29919, 7959, 10),
(29920, 7959, 11),
(29921, 8186, 11),
(29922, 8186, 12),
(29923, 8186, 13),
(29927, 8621, 12),
(29928, 8621, 13),
(29929, 8902, 17),
(29930, 8902, 18),
(29931, 8901, 19),
(29932, 8901, 20),
(29936, 8893, 19),
(29937, 8893, 20),
(29938, 8892, 17),
(29939, 8892, 18),
(29940, 8890, 19),
(29941, 8890, 20),
(29942, 8889, 17),
(29943, 8889, 18),
(29944, 8000, 17),
(29945, 8000, 18),
(29951, 8085, 18),
(29952, 8085, 19),
(29953, 8085, 20),
(29954, 8057, 15),
(29955, 8057, 16),
(29956, 8058, 17),
(29957, 8058, 18),
(29960, 8564, 17),
(29961, 8564, 18),
(29962, 8568, 19),
(29963, 8568, 20),
(29966, 8874, 17),
(29967, 8874, 18),
(29968, 8873, 19),
(29969, 8873, 20),
(29974, 8236, 10),
(29975, 8236, 11),
(29976, 8478, 8),
(29977, 8478, 9),
(29980, 8477, 11),
(29981, 8477, 12),
(29985, 8286, 11),
(29986, 8286, 12),
(29987, 8286, 13),
(29988, 8675, 15),
(29989, 8675, 16),
(29990, 8677, 15),
(29991, 8677, 16),
(29994, 8802, 17),
(29995, 8802, 18),
(29996, 9042, 8),
(29997, 9042, 9),
(29998, 9104, 10),
(29999, 9104, 11),
(30002, 9263, 15),
(30003, 9263, 16),
(30006, 9248, 15),
(30007, 9248, 16),
(30008, 8806, 8),
(30009, 8806, 9),
(30010, 9083, 19),
(30011, 9083, 20),
(30014, 8437, 12),
(30015, 8437, 13),
(30016, 8388, 10),
(30017, 8388, 11),
(30018, 8482, 18),
(30019, 8482, 19),
(30020, 8481, 20),
(30023, 8062, 10),
(30024, 8062, 11),
(30030, 8097, 12),
(30031, 8097, 13),
(30032, 8102, 11),
(30033, 8102, 12),
(30034, 8102, 13),
(30035, 8099, 15),
(30036, 8099, 16),
(30037, 7970, 10),
(30038, 7970, 11),
(30039, 7982, 8),
(30040, 7982, 9),
(30041, 8096, 8),
(30042, 8096, 9),
(30043, 8096, 10),
(30044, 9130, 17),
(30045, 9130, 18),
(30046, 9131, 17),
(30047, 9131, 18),
(30050, 9117, 15),
(30051, 9117, 16),
(30052, 8207, 12),
(30053, 8207, 13),
(30054, 8561, 17),
(30055, 8561, 18),
(30056, 8188, 14),
(30057, 8188, 15),
(30058, 9218, 15),
(30059, 9218, 16),
(30060, 9219, 15),
(30061, 9219, 16),
(30062, 9220, 15),
(30063, 9220, 16),
(30064, 8138, 10),
(30065, 8138, 11),
(30066, 8137, 12),
(30067, 8137, 13),
(30068, 9221, 15),
(30069, 9221, 16),
(30070, 9222, 15),
(30071, 9222, 16),
(30078, 8834, 8),
(30079, 8834, 9),
(30080, 8833, 8),
(30081, 8833, 9),
(30082, 9119, 15),
(30083, 9119, 16),
(30086, 9014, 15),
(30087, 9014, 16),
(30092, 8204, 9),
(30093, 8204, 10),
(30094, 8204, 11),
(30095, 8002, 14),
(30096, 8002, 15),
(30097, 8002, 16),
(30098, 8003, 16),
(30099, 8003, 17),
(30100, 8003, 18),
(30101, 9127, 15),
(30102, 9127, 16),
(30105, 9133, 19),
(30106, 9133, 20),
(30107, 9103, 19),
(30108, 9103, 20),
(30109, 9134, 19),
(30110, 9134, 20),
(30111, 9132, 17),
(30112, 9132, 18),
(30113, 9136, 15),
(30114, 9136, 16),
(30115, 9142, 19),
(30116, 9142, 20),
(30117, 9077, 12),
(30118, 9077, 13),
(30119, 9080, 15),
(30120, 9080, 16),
(30121, 8787, 17),
(30122, 8787, 18),
(30123, 9034, 10),
(30124, 9034, 11),
(30125, 9035, 12),
(30126, 9035, 13),
(30127, 7968, 11),
(30128, 7968, 12),
(30129, 7968, 13),
(30130, 8299, 15),
(30131, 8299, 16),
(30132, 8299, 17),
(30138, 8082, 12),
(30139, 8082, 13),
(30140, 8082, 14),
(30147, 9183, 15),
(30148, 9183, 16),
(30149, 9186, 17),
(30150, 9186, 18),
(30151, 9107, 12),
(30152, 9107, 13),
(30155, 9182, 12),
(30156, 9182, 13),
(30157, 8069, 12),
(30158, 8069, 13),
(30159, 8059, 15),
(30160, 8059, 16),
(30161, 8072, 10),
(30162, 8072, 11),
(30163, 8084, 8),
(30164, 8084, 9),
(30165, 8084, 10),
(30166, 9073, 10),
(30167, 9073, 11),
(30168, 8475, 17),
(30169, 8475, 18),
(30170, 8174, 10),
(30171, 8174, 11),
(30178, 8086, 19),
(30179, 8086, 20),
(30180, 9140, 12),
(30181, 9140, 13),
(30182, 8021, 10),
(30183, 8021, 11),
(30184, 9165, 12),
(30185, 9165, 13),
(30186, 9166, 10),
(30187, 9166, 11),
(30190, 9190, 12),
(30191, 9190, 13),
(30192, 9189, 10),
(30193, 9189, 11),
(30194, 9188, 10),
(30195, 9188, 11),
(30196, 8263, 8),
(30197, 8263, 9),
(30198, 7973, 13),
(30199, 7973, 14),
(30200, 8127, 11),
(30201, 8127, 12),
(30202, 8127, 13),
(30203, 8022, 12),
(30204, 8022, 13),
(30205, 8857, 12),
(30206, 8857, 13),
(30207, 8857, 14),
(30208, 8969, 8),
(30209, 8969, 9),
(30210, 8968, 10),
(30211, 8968, 11),
(30212, 9010, 10),
(30213, 9010, 11),
(30214, 8103, 9),
(30215, 8103, 10),
(30216, 8103, 11),
(30219, 8891, 10),
(30220, 8891, 11),
(30221, 8093, 18),
(30222, 8093, 19),
(30223, 8093, 20),
(30224, 9011, 8),
(30225, 9011, 9),
(30226, 9061, 10),
(30227, 9061, 11),
(30228, 9162, 15),
(30229, 9162, 16),
(30230, 9161, 8),
(30231, 9161, 9),
(30232, 8967, 12),
(30233, 8967, 13),
(30236, 8258, 14),
(30237, 8269, 8),
(30238, 8269, 9),
(30239, 8183, 11),
(30240, 8183, 12),
(30241, 8183, 13),
(30242, 8182, 11),
(30243, 8182, 12),
(30244, 8182, 13),
(30245, 8941, 17),
(30246, 8941, 18),
(30247, 8938, 19),
(30248, 8938, 20),
(30249, 8232, 15),
(30250, 8232, 16),
(30251, 8939, 15),
(30252, 8939, 16),
(30253, 8192, 8),
(30254, 8192, 9),
(30255, 8193, 8),
(30256, 8193, 9),
(30257, 8191, 12),
(30258, 8191, 13),
(30259, 8201, 13),
(30260, 8201, 14),
(30261, 8004, 8),
(30262, 8004, 9),
(30263, 8004, 10),
(30264, 8294, 18),
(30265, 8294, 19),
(30266, 8294, 20),
(30267, 8300, 12),
(30268, 8300, 13),
(30269, 8300, 14),
(30270, 8274, 12),
(30271, 8274, 13),
(30272, 8274, 14),
(30273, 8285, 8),
(30274, 8285, 9),
(30275, 8285, 10),
(30276, 8198, 10),
(30277, 8198, 11),
(30278, 8197, 17),
(30279, 8197, 18),
(30280, 8910, 19),
(30281, 8910, 20),
(30282, 8925, 18),
(30283, 8925, 19),
(30284, 8924, 17),
(30285, 8904, 19),
(30286, 8743, 8),
(30287, 8743, 9),
(30288, 8744, 10),
(30289, 8744, 11),
(30290, 8055, 19),
(30291, 8055, 20),
(30292, 8908, 19),
(30293, 8908, 20),
(30294, 8907, 17),
(30295, 8907, 18),
(30296, 8150, 8),
(30297, 8150, 9),
(30298, 8149, 8),
(30299, 8149, 9),
(30304, 8070, 12),
(30305, 8070, 13),
(30306, 8071, 12),
(30307, 8071, 13),
(30308, 8514, 15),
(30309, 8514, 16),
(30310, 8514, 17),
(30311, 8172, 15),
(30312, 8172, 16),
(30313, 8173, 15),
(30314, 8173, 16),
(30315, 9264, 10),
(30316, 9264, 11),
(30317, 9265, 17),
(30318, 9265, 18),
(30321, 8075, 10),
(30322, 8075, 11),
(30323, 8614, 8),
(30324, 8614, 9),
(30325, 8470, 10),
(30326, 8470, 11),
(30327, 8433, 16),
(30328, 8433, 17),
(30329, 8431, 18),
(30330, 8431, 19),
(30335, 8090, 17),
(30336, 8090, 18),
(30337, 8906, 19),
(30338, 8906, 20),
(30339, 8905, 17),
(30340, 8905, 18),
(30341, 8077, 15),
(30342, 8077, 16),
(30343, 8077, 17),
(30346, 8230, 12),
(30347, 8230, 13);

-- --------------------------------------------------------

--
-- Table structure for table `profesori`
--

CREATE TABLE `profesori` (
  `id_profesor` int(5) NOT NULL,
  `nume` char(50) CHARACTER SET utf8mb4 COLLATE utf8mb4_general_ci NOT NULL,
  `dep` int(11) NOT NULL
) ENGINE=InnoDB DEFAULT CHARSET=latin1 COLLATE=latin1_swedish_ci;

--
-- Dumping data for table `profesori`
--

INSERT INTO `profesori` (`id_profesor`, `nume`, `dep`) VALUES
(1, 'MIRONESCU Ion', 0),
(2, 'BECHET Paul', 0),
(3, 'CAPRITA Vladut Horia', 0),
(4, 'CISMASIU ????', 0),
(5, 'MICLAUS Simona', 0),
(6, 'NEAMTU Mihai Bogdan', 0),
(7, 'TOROK Francisc', 0),
(8, 'MIHAI Teodora Flavia', 0),
(9, 'BARBU Adrian', 0),
(10, 'BARGLAZAN Adrian Alin', 0),
(12, 'BERGHIA Stefania Eliza', 0),
(13, 'Boarescu Claudiu', 0),
(14, 'BOCUT Adrian Sebastian', 0),
(15, 'BOGORIN PREDESCU Adrian', 0),
(16, 'BOSTINA Catalina Maria', 0),
(17, 'Botez Octavian', 0),
(18, 'BRATU Adrian Nicolae', 0),
(19, 'BRATU Marius Gheorghe', 0),
(20, 'BUDULECI Claudiu Raul', 0),
(21, 'BURJA Aurel Paraschiv', 0),
(22, 'BUTOI Emanuel Sebastian', 0),
(25, 'CIUCLEA Victor Stefan', 0),
(26, 'CONSTANTINESCU Constantin', 0),
(27, 'CRUCEAT Alin Marius', 0),
(28, 'DICOIU Alina Ioana', 0),
(29, 'DIODIU Ioan Lucian', 0),
(30, 'Dorca Emanuel', 0),
(31, 'DRACMAN Florin Zoreanu', 0),
(32, 'DUMITRACHE Constantin Claudiu', 0),
(33, 'FAGADAR Bogdan Vasile', 0),
(34, 'Fischer Lucian', 0),
(35, 'FLEACA Valentin', 0),
(36, 'GHENESCU Alin Aurelian', 0),
(38, 'GHERGU Eduard', 0),
(39, 'Ghiga Radu', 0),
(41, 'GOMONEA Daniel Ioan', 0),
(42, 'HAGIU Maria Elena', 0),
(43, 'IAGARU Mihaela Ionela', 0),
(44, 'IFRIM Silvia Georgiana', 0),
(45, 'IOANESIU Mirela Laura', 0),
(46, 'LUCA Andrei Simion', 0),
(47, 'LUPEA Gheorghe Daniel', 0),
(49, 'MARGINAS Andrei', 0),
(50, 'MARIN Rares Lucian', 0),
(51, 'MATEI A. Alexandru', 0),
(53, 'Mitrofan Adrian', 0),
(54, 'Muntean Ciprian', 0),
(55, 'MUNTEAN Vasile Horia', 0),
(56, 'NEAMTU Constantin Adrian', 0),
(57, 'NEGOESCU Alexandra Maria', 0),
(58, 'Olaru Sorin Nicu', 0),
(59, 'ONCESCU Andreea Cristina', 0),
(60, 'OROS Ana-Maria', 0),
(61, 'PAHOMI Bogdan', 0),
(62, 'Patrausanu Andrei', 0),
(63, 'PAUNESCU Georgiana Malvina', 0),
(64, 'POPOVICI Zeno Ovidiu', 0),
(65, 'PRECUP Stefan Alexandru', 0),
(66, 'Profir Cristian Costel', 0),
(67, 'RADULESCU Marius Constantin', 0),
(68, 'Righeriu Ovidiu', 0),
(69, 'ROCIU Radu Nicolae', 0),
(70, 'SCORTAR Mircea Radu', 0),
(71, 'SIGHENCEA Bogdan Ilie', 0),
(72, 'SIMA Nicolae Dorin', 0),
(73, 'STANESCU Carmen Gabriela', 0),
(75, 'STOISOR Melisa Cristina', 0),
(76, 'TARA Andrei Iulian', 0),
(77, 'TURCU Maria Alexandra', 0),
(78, 'UNGUREANU Stefan', 0),
(79, 'VASILAS Teodora', 0),
(80, 'VECERDEA Horatiu', 0),
(81, 'VOJU Radu Alexandru', 0),
(82, 'VOLOSCIUC Sorin Dan', 0),
(83, 'BACIU Rodica', 1),
(84, 'BOGDAN Mihai', 1),
(85, 'BOULEANU Iulian', 1),
(86, 'BRAD Remus Ovidiu', 1),
(87, 'BREAZU Macarie', 1),
(88, 'BUTEAN Vasile Alexandru', 1),
(89, 'CHIS Radu', 1),
(90, 'CIUREA Stelian', 1),
(91, 'COFARU Ileana Ioana', 1),
(92, 'CRACIUNAS Gabriela', 1),
(93, 'CRACIUNEAN Daniel Cristian', 1),
(94, 'CRETULESCU Radu George', 1),
(95, 'DOROBANTIU Alexandru', 1),
(96, 'FLOREA Adrian', 1),
(97, 'GELLERT Arpad', 1),
(98, 'ILIE Constantin Beriliu', 1),
(99, 'MORARIU Ionel Daniel', 1),
(100, 'NEGHINA Elena Catalina', 1),
(101, 'NEGHINA Mihai', 1),
(102, 'PANU Mihai Gheorghe', 1),
(103, 'PITIC Antoniu Gabriel', 1),
(104, 'POPESCU Lizeta Milina', 1),
(105, 'RENTEA Cornel Dan', 1),
(106, '???FARA Profesor', 1),
(107, 'SPATARI Ovidiu Nicolae', 1),
(108, 'STANESCU Dorel Mircea', 1),
(109, 'TOMA Emanoil', 1),
(110, 'VINTAN Maria', 1),
(111, 'VIOREL Alina Cristina', 1),
(112, 'VOLOVICI Daniel', 1),
(113, 'ZAMFIRESCU Bala Constantin', 1),
(114, 'CRACIUNEAN Vasile', 1),
(115, 'DIACONESCU Constantin', 1),
(116, 'MIHU P. Ioan', 1),
(117, 'MIHU Z. Ioan', 1),
(118, 'POP Nicolae Daniel', 1),
(119, 'VESA Eugen Petru', 1),
(120, 'BADESCU MIRCEA', 2),
(121, 'BALAN MARCEL', 2),
(122, 'BARB CARMEN', 2),
(123, 'BARSAN RALUCA', 2),
(124, 'BEJU LIVIA DANA', 2),
(125, 'BIBU MARIUS', 2),
(126, 'BONDREA IOAN', 2),
(127, 'BORZA SORIN', 2),
(128, 'BRANESCU HORIA', 2),
(129, 'BRATU IULIANA', 2),
(130, 'BRATU MIHAELA', 2),
(131, 'BUTANESCU REMUS', 2),
(132, 'CIOCA LUCIAN', 2),
(133, 'CIOCA MARIUS', 2),
(134, 'CIOFU FLORIN', 2),
(135, 'CIORA RADU', 2),
(136, 'COFARU NICOLAE', 2),
(137, 'DAN NICOLETA', 2),
(138, 'DEAC CRISTIAN', 2),
(139, 'DENES CALIN', 2),
(140, 'DOBROTA DAN', 2),
(141, 'DOBROTA GABRIELA', 2),
(142, 'DUMITRASCU BALDAU IULIA', 2),
(143, 'DUMITRASCU DANUT', 2),
(144, 'DUSE DAN MANIU', 2),
(145, 'FLEISCHER WIEGAND', 2),
(146, 'FLOREA MARIA', 2),
(147, 'FOIDAS IOAN', 2),
(148, 'GRECU VALENTIN', 2),
(149, 'INTA MARINELA', 2),
(150, 'ISARIE CLAUDIU', 2),
(151, 'IUGA VIRGINIA', 2),
(152, 'KIFOR CLAUDIU', 2),
(153, 'LATA E. ILIE', 2),
(154, 'LATA I. ILIE', 2),
(155, 'LOBONT LUCIAN', 2),
(156, 'LUPU DIANA', 2),
(157, 'MIRICESCU DAN', 2),
(158, 'MOLDOVAN IOSIF', 2),
(159, 'MORARU GINA MARIA', 2),
(160, 'MUTIU CALIN', 2),
(161, 'NEAMTU GHEORGHE', 2),
(162, 'NEMES TODERITA', 2),
(163, 'OLEKSIK MIHAELA', 2),
(164, 'OPREAN CONSTANTIN', 2),
(165, 'PETRESCU VALENTIN', 2),
(166, 'PETRUSE RADU', 2),
(167, 'POPA DANIELA', 2),
(168, 'POPESCU LILIANA', 2),
(169, 'PRODEA LAURENTIU', 2),
(170, 'PURCAR CARMEN', 2),
(171, 'RACOTA MIRCEA', 2),
(172, 'ROSCA LIVIU', 2),
(173, 'ROSCA NICOLAE', 2),
(174, 'ROTARU IONELA', 2),
(175, 'ROTARU MIHAELA', 2),
(176, 'SANDU VALENTIN', 2),
(177, 'SAVESCU ROXANA', 2),
(178, 'SIMION CARMEN', 2),
(179, 'STEFANESCU DAN PAUL', 2),
(180, 'STOICA AUGUSTIN', 2),
(181, 'TARNU LUCIAN', 2),
(182, 'TITU MIHAIL', 2),
(183, 'TURTUREANU ADRIAN', 2),
(184, 'ZERBES MIHAI', 2),
(185, 'AVRIGEAN EUGEN', 3),
(186, 'BARSAN ALEXANDRU', 3),
(187, 'BERCAN NICOLAE', 3),
(188, 'BIRIS CRISTINA', 3),
(189, 'BLEOTU ROBERT', 3),
(190, 'BRAD RALUCA', 3),
(191, 'BREAZ RADU', 3),
(192, 'CHICEA ANCA', 3),
(193, 'CHILIBAN BOGDAN', 3),
(194, 'COLDEA ALINA', 3),
(195, 'COMAN DIANA', 3),
(196, 'CRENGANIS MIHAI', 3),
(197, 'DINU MILENA', 3),
(198, 'DUMITRASCU OANA', 3),
(199, 'FILIP STEFAN', 3),
(200, 'FLOREA ADRIANA', 3),
(201, 'FLOREA MARIN', 3),
(202, 'FLOREA RADU', 3),
(203, 'FRATILA MARCU', 3),
(204, 'GEORGESCU ADRIAN', 3),
(205, 'GHEORGHE ION', 3),
(206, 'GIRJOB CLAUDIA', 3),
(208, 'IRIDON ANCA', 3),
(209, 'MANOLEA DANIEL', 3),
(210, 'MARCU LUCIAN', 3),
(211, 'MAROSAN ADRIAN', 3),
(212, 'MATRAN CRISTIAN', 3),
(213, 'MORARIU FINEAS', 3),
(214, 'NEAGU IOAN', 3),
(215, 'NEGULESCU SORIN', 3),
(216, 'OLEKSIK VALENTIN', 3),
(217, 'PASCU ADRIAN', 3),
(218, 'PETRASCU OLIVIA', 3),
(219, 'POPP ILIE', 3),
(220, 'POPP MIHAI', 3),
(221, 'PREDA COSMIN', 3),
(222, 'RACZ GABRIEL', 3),
(223, 'RUSU DAN', 3),
(224, 'RUSU GABRIELA', 3),
(225, 'SERBAN REMUS', 3),
(226, 'SIMA ELENA', 3),
(227, 'SOARE SORIN', 3),
(228, 'BURGHELEA MELANIA', 3),
(229, 'VLAD DORIN', 3),
(230, 'VLASCEANU MARIUS', 3),
(231, 'VRINCEANU NARCISA', 3),
(232, 'PASCA Aurel', 0),
(233, 'UNGUREAN Sorin', 0),
(234, '???', 0),
(235, 'TINCU Ioan', 0),
(236, 'CHICEA Dan', 0),
(237, 'BIRSAN Eugen', 0),
(238, 'CONSTANTINESCU Eugen', 0),
(239, 'ACU Dumitru', 0),
(240, 'BICLEA Diana', 0),
(241, 'RATIU Augusta', 0),
(242, 'RACUCIU Mihaela', 0),
(243, 'TOTOI Alina', 0),
(244, 'SOLOMON Andreea', 0),
(245, 'OLARU Marian', 0),
(246, 'STAICUT Iulia', 0),
(247, 'VASILOIU Daniela', 0),
(248, 'MURESANU ANCA', 0),
(249, 'CRETU RARES', 0),
(250, 'CRISTEA RAMONA', 0),
(251, 'Sandru Daniela', 0),
(252, 'POPA EMIL', 0),
(253, 'Tulpan Teodor', 0),
(254, 'GIRJOABA Adrian', 0),
(255, 'TURCU Vladimir', 0),
(256, 'TEODORESCU Andreea', 0),
(257, 'ILIS Ecaterina', 0),
(258, 'Olaru Ovio', 0),
(260, 'BERDIE Adelina', 0),
(261, 'MARTIN Anca', 0),
(262, 'MILEA Adina', 0),
(263, 'CISCO', 0),
(264, 'COJOCARU MONICA', 0),
(265, 'STROIA MARIUS', 0),
(266, 'POPA Maria', 0),
(267, 'DUMULESCU DANIELA', 0),
(269, 'LUCA GABRIELA-ALEXANDRA', 0),
(270, 'BRANGA Adrian', 0),
(271, 'GOLOMETY Adalbert', 1),
(273, 'BUCUR Amelia', 0),
(274, 'STETIU MIRCEA', 2),
(275, 'CRETU MONICA', 0),
(276, 'NEDERITA VICTOR', 0),
(277, 'BARBU CONSTANTIN HORIA', 0),
(278, 'VECERDEA BIANCA', 0),
(279, 'STOIA MIHAELA', 0),
(280, 'ROMAN LUCIAN', 0),
(281, 'ANTOFIE MIHAELA', 0),
(282, 'FRATILA ALEXANDRA (NAGY)', 0),
(283, 'OLARU VIOREL', 0),
(284, 'DUSE CARMEN', 0),
(285, 'ACU MUGUR', 0),
(286, 'NICOLAESCU SERGIU', 0),
(287, 'Traistaru Adrian', 0),
(288, 'Boeru Gabriel', 0),
(290, 'MIRICESCU M.', 0),
(291, 'Cristea Bogdan', 0),
(292, 'JESCU VLAD', 0),
(293, 'SOREA MIRUNA', 0),
(294, 'UDRESCU Claudiu', 0),
(295, 'ROSCA STEFANIA', 0),
(296, 'TOCU Nicolae', 0),
(297, 'FAUR Dorotheea', 0),
(298, 'SCHIAU Traian', 0),
(299, 'SERBANESCU Andrei', 0),
(300, 'TECU Dumitru', 0),
(301, 'FALADAU ALINA', 2),
(302, 'OLARU Lorena', 0),
(303, 'POPA Daniel', 0),
(304, 'CIOCOI-POP MARIA MIRUNA', 0),
(305, 'TROANCA ELENA', 0),
(306, 'SELEJAN Corina', 0),
(307, 'Draghiciu Victor', 0),
(308, 'Nistor Adrian', 0),
(309, 'Ginghina Elena', 0),
(310, 'DIACONU RADU', 0),
(311, 'Giurgiu Dionisie', 2),
(312, 'Pirvu Bogdan', 2),
(313, 'CAZACU Dana', 0),
(314, 'COCAN Nicolae', 0),
(315, 'CAMPU ANDREEA', 0),
(316, 'Oancea Iulian', 0),
(317, 'Rusu Oderay', 0),
(318, 'Morariu Timotei', 3),
(320, 'ONISIE Robert', 0),
(321, 'CRISTEA Alexandra', 0),
(322, 'LUCIAN PAUL', 0),
(323, 'PAUL LUCIAN', 0),
(324, 'BANCIOIU Camil', 0),
(325, 'BUCUR VIOREL', 0),
(326, 'APOSTOL Diana', 0),
(327, 'JIBOTEAN Elena', 0),
(328, 'FLOREA Iulia', 0),
(329, 'PREDA Daniela', 0),
(330, 'OLTEANU ALEXANDRU', 0),
(331, 'SMARANDA Marius', 0),
(332, 'BANCIU Claudia', 0),
(333, 'SOLEA Claudiu', 0),
(334, 'TONCEA Laurentiu', 0),
(335, 'GRIGORIU Andrei', 0),
(336, 'STOICA Andra', 0),
(337, 'Teodorescu Rares', 0);

-- --------------------------------------------------------

--
-- Table structure for table `profesori_depcie`
--

CREATE TABLE `profesori_depcie` (
  `id_profesor_depcie` int(11) NOT NULL,
  `id_profesor` int(11) NOT NULL,
  `email` varchar(500) NOT NULL,
  `coordonator` tinyint(1) NOT NULL
) ENGINE=InnoDB DEFAULT CHARSET=utf8mb4 COLLATE=utf8mb4_general_ci;

--
-- Dumping data for table `profesori_depcie`
--

INSERT INTO `profesori_depcie` (`id_profesor_depcie`, `id_profesor`, `email`, `coordonator`) VALUES
(1, 3, 'horiavladut.caprita@ulbsibiu.ro', 0),
(2, 112, 'daniel.volovici@ulbsibiu.ro', 0),
(3, 26, 'constantin.constantinescu@ulbsibiu.ro', 1),
(4, 113, 'balaconstantin.zamfirescu@ulbsibiu.ro', 1);

-- --------------------------------------------------------

--
-- Table structure for table `sali`
--

CREATE TABLE `sali` (
  `id_sala` int(5) NOT NULL,
  `sala` char(30) NOT NULL
) ENGINE=InnoDB DEFAULT CHARSET=latin1 COLLATE=latin1_swedish_ci;

--
-- Dumping data for table `sali`
--

INSERT INTO `sali` (`id_sala`, `sala`) VALUES
(1, 'IE001'),
(2, 'IE002'),
(3, 'IE006'),
(5, 'IE012'),
(6, 'IE112'),
(7, 'IE113'),
(8, 'IE206'),
(9, 'IE303'),
(10, 'IE304'),
(11, 'IE305'),
(12, 'IM216'),
(13, 'IM219'),
(14, 'IM320'),
(15, 'IM321'),
(32, 'IE101'),
(33, 'IE102'),
(34, 'IM201'),
(35, 'IM302'),
(36, 'IM323'),
(37, 'IM405'),
(38, 'IM401'),
(39, 'IM311'),
(40, 'IM319'),
(42, 'IM413'),
(43, 'IE004'),
(44, 'IM222'),
(45, 'IE005'),
(48, 'IM407'),
(50, 'IE013'),
(51, 'IM202'),
(52, 'S02'),
(53, 'IE003'),
(54, 'IM007'),
(55, 'IM010'),
(56, 'IM001'),
(57, 'IM315'),
(59, 'IM109'),
(60, 'IM107A'),
(63, 'IM103'),
(67, 'B01'),
(68, 'IM414'),
(69, 'IM411'),
(70, 'IM003'),
(71, 'IM002'),
(72, 'IM404A'),
(74, 'IM402A'),
(75, 'IM415'),
(76, 'IM416'),
(77, 'IM408'),
(78, 'IM409'),
(79, 'IM410'),
(80, 'IE301'),
(81, 'IE302'),
(82, 'IM303'),
(83, 'IM305'),
(84, 'IM316'),
(85, 'IM215'),
(86, 'IM217'),
(87, 'IM218'),
(88, 'IM108'),
(89, 'IM112'),
(90, 'IM113'),
(91, 'IM114'),
(92, 'IM117A'),
(93, 'IM106'),
(94, 'Lab5_Ratiu'),
(95, 'IM004A'),
(96, 'IM005'),
(97, 'IM006'),
(98, 'IM011A'),
(99, 'IM012A'),
(100, 'IM104'),
(101, 'IM105'),
(102, 'IM102'),
(103, 'IM100'),
(104, 'IM117B'),
(105, 'IM107B'),
(106, 'IM012B'),
(108, 'IM402B'),
(109, 'IM004B'),
(110, 'B308 (Ratiu)'),
(111, 'IM011B'),
(112, 'TRANSCOM1'),
(113, 'TRANSCOM2'),
(114, 'litere'),
(115, 'COMPA'),
(116, 'MEDIAS_S4'),
(117, 'MEDIAS_S5'),
(118, 'MEDIAS_S11'),
(119, 'MEDIAS_S23'),
(120, 'MEDIAS_S21'),
(121, 'ROMGAZ'),
(122, 'S05'),
(124, 'B 008'),
(125, 'Biblioteca Universitatii'),
(126, 'IM012C'),
(127, 'Litere 33'),
(128, 'IM502'),
(129, 'Medias A1'),
(130, 'Medias 06'),
(131, 'Litere 38'),
(132, 'Litere 60'),
(133, 'litere 41'),
(134, 'litere 45'),
(136, 'IM117C'),
(137, 'Litere 53'),
(138, 'Medias A2'),
(139, 'IM004'),
(141, 'litere 17'),
(142, 'Litere 51'),
(143, 'Medias M3'),
(144, 'Medias M25'),
(145, 'Litere 42'),
(146, 'Cabinet_IM310'),
(147, 'Cabinet_IE008'),
(148, 'Cabinet_IM418'),
(149, 'Cabinet_IM209'),
(150, 'Cabinet_IE111'),
(151, 'Cabinet D.I.C.'),
(152, 'Cabinet_IM207'),
(153, 'Cabinet_IE107'),
(155, '???'),
(156, 'IM011C'),
(157, 'Medias M02'),
(160, 'Medias M13'),
(161, 'litere 61'),
(162, 'Cabinet IE310'),
(164, 'Cabinet_IE207'),
(165, 'B002'),
(166, 'Litere 55'),
(167, 'IM309'),
(168, 'IE310'),
(169, 'S06'),
(170, 'Cabinet IM 204'),
(173, 'B309 (Ratiu)'),
(174, 'Litere 62'),
(176, 'IM203'),
(177, 'Opel'),
(178, 'Medias A0'),
(179, 'Medias S22'),
(180, 'DPPD004'),
(186, 'Decanat_IE201'),
(187, 'CONTI_Aula'),
(188, 'CONTI_Lab1'),
(189, 'CONTI_Lab2'),
(226, 'Monitorizarea mediului'),
(227, 'Medias M16'),
(231, 'Sala de Sport'),
(233, 'Ratiu'),
(234, 'A24'),
(235, 'Online'),
(236, 'A25'),
(237, 'IE101A'),
(238, 'IE101B'),
(239, 'IE101C'),
(240, 'IE102A'),
(241, 'IE102B'),
(242, 'IE102C'),
(243, 'IM201A'),
(244, 'IM201B'),
(245, 'IM201C'),
(246, 'IM202A'),
(247, 'IM202B'),
(248, 'IM202C'),
(249, 'IM222A'),
(250, 'IM222B'),
(251, 'IM222C'),
(252, 'IM302A'),
(253, 'IM302B'),
(254, 'IM3032C'),
(255, 'IM323A'),
(256, 'IM323B'),
(257, 'IM323C'),
(258, 'IM401A'),
(259, 'IM401B'),
(260, 'IM401C'),
(261, 'IM407A'),
(262, 'IM407B'),
(263, 'IM407C'),
(264, 'IM413A'),
(265, 'IM413B'),
(266, 'IM413C'),
(267, 'NTTData_Evolution'),
(268, 'NTTData_Sensei'),
(269, 'IM002A'),
(270, 'DPPD003'),
(271, 'NTTData_Quest'),
(272, 'B009'),
(273, 'NTTData_Aula_Brukenthal'),
(274, 'litere 16'),
(275, 'B310 (Ratiu)'),
(276, 'Ratiu 403'),
(277, 'Makerspace'),
(278, 'IE007'),
(279, 'Medias S21');

-- --------------------------------------------------------

--
-- Table structure for table `specializare`
--

CREATE TABLE `specializare` (
  `id_specializare` int(11) NOT NULL,
  `denumire` varchar(500) NOT NULL
) ENGINE=InnoDB DEFAULT CHARSET=utf8mb4 COLLATE=utf8mb4_general_ci;

--
-- Dumping data for table `specializare`
--

INSERT INTO `specializare` (`id_specializare`, `denumire`) VALUES
(1, 'Tehnologia Informatiei'),
(2, 'ISM'),
(3, 'C'),
(4, 'EM'),
(5, 'EA');

-- --------------------------------------------------------

--
-- Table structure for table `student`
--

CREATE TABLE `student` (
  `id_student` int(11) NOT NULL,
  `nume` varchar(250) NOT NULL,
  `prenume` varchar(250) NOT NULL,
  `specializare` int(11) NOT NULL,
  `an` int(11) NOT NULL,
  `email` varchar(500) NOT NULL,
  `grupa` varchar(11) NOT NULL
) ENGINE=InnoDB DEFAULT CHARSET=utf8mb4 COLLATE=utf8mb4_general_ci;

--
-- Dumping data for table `student`
--

INSERT INTO `student` (`id_student`, `nume`, `prenume`, `specializare`, `an`, `email`, `grupa`) VALUES
(1, 'Suciu', 'Antonia', 1, 4, 'antonia.suciu@ulbsibiu.ro', '243/2'),
(2, 'Mihai', 'Luiza', 1, 4, 'luiza.mihai@ulbsibiu.ro', '243/2'),
(3, 'Popa', 'Doroteea Cristina', 1, 4, 'doroteeacristina.popa@ulbsibiu.ro', '243/2'),
(4, 'Popescu', 'Dan', 2, 3, 'dan.popescu@ulbsibiu.ro', '234/1'),
(5, 'Stanciu', 'Alexandru', 3, 4, 'alexandru.stanciu@ulbsibiu.ro', '242/3'),
(6, 'Seicu', 'Fabiana', 3, 4, 'fabiana.seicu@ulbsibiu.ro', '242/3'),
(7, 'Baciu', 'Daniela', 2, 2, 'daniela.baciu@ulbsibiu.ro', '225/1'),
(8, 'Paun', 'Ioan', 3, 1, 'ioan.paun@ulbsibiu.ro', '211/2'),
(9, 'Nita', 'Rares', 1, 4, 'rares.nita@ulbsibiu.ro', '243/2'),
(10, 'Irinescu', 'Ana', 3, 2, 'ana.irinescu@ulbsibiu.ro', '221/1'),
(11, 'Pacurar', 'Iulia', 3, 2, 'iulia.pacurar@ulbsibiu.ro', '221/2'),
(13, 'Pop', 'Sergiu', 4, 3, 'sergiu.pop@ulbsibiu.ro', '331/1'),
(14, 'Dicoi', 'Ioana', 3, 3, 'ioana.dicoi@ulbsibiu.ro', '231/1'),
(15, 'Muntean', 'Maria', 3, 3, 'maria.muntean@ulbsibiu.ro', '231/1'),
(16, 'Petrut', 'Pavel', 5, 3, 'pavel.petrut@ulbsibiu.ro', '332/1'),
(17, 'keul', 'kristina', 3, 3, 'kristina.keul@ulbsibiu.ro', '231/1'),
(18, 'Borza', 'Roxana', 3, 3, 'roxana.borza@ulbsibiu.ro', '231/1'),
(19, 'Patru', 'Medeea', 1, 4, 'medeea.patru@ulbsibiu.ro', '243/2'),
(20, 'Mezdrea', 'Constantin', 1, 4, 'constantin.mezdrea@ulbsibiu.ro', '243/2'),
(21, 'Stoica', 'Veronica', 1, 1, 'veronica.stoica@ulbsibiu.ro', '214/1');

-- --------------------------------------------------------

--
-- Table structure for table `taskuri`
--

CREATE TABLE `taskuri` (
  `id_task` int(11) NOT NULL,
  `id_materie` int(11) NOT NULL,
  `task` varchar(5000) NOT NULL
) ENGINE=InnoDB DEFAULT CHARSET=utf8mb4 COLLATE=utf8mb4_general_ci;

--
-- Dumping data for table `taskuri`
--

INSERT INTO `taskuri` (`id_task`, `id_materie`, `task`) VALUES
(9, 106, 'Pentru nota 5, puteti alege: dame'),
(10, 30, 'Alegeti limbajul de programare(c++ sau c#)!'),
(11, 30, 'Implementati un asamblor'),
(12, 0, 'n');

-- --------------------------------------------------------

--
-- Table structure for table `teme_licenta`
--

CREATE TABLE `teme_licenta` (
  `id_tema` int(11) NOT NULL,
  `id_profesor_depcie` int(11) NOT NULL,
  `id_specializare` int(11) NOT NULL,
  `tema` varchar(2000) NOT NULL
) ENGINE=InnoDB DEFAULT CHARSET=utf8mb4 COLLATE=utf8mb4_general_ci;

--
-- Dumping data for table `teme_licenta`
--

INSERT INTO `teme_licenta` (`id_tema`, `id_profesor_depcie`, `id_specializare`, `tema`) VALUES
(2, 3, 1, 'Classic machine learning algorithms for sound classification (AI, ML, DM, Signal Proc.)'),
(3, 3, 1, 'Using AutoEncoders for sound anomaly detection (AI, ML, Signal proc)'),
(4, 4, 1, 'Managementul descentralizat al cheilor  criptografia pragurilor si scheme de partajare  secret'),
(5, 4, 1, 'Simularea unei linii de fabricatie flexibila'),
(6, 4, 3, ' Impactul asupra organiztiilor a noilor platforme de dezvoltare low code  (https://www.appsmith.com/ sau https://budibase.com/) cu studiu de caz la realizarea unei app');

-- --------------------------------------------------------

--
-- Table structure for table `tipuri`
--

CREATE TABLE `tipuri` (
  `id_tip` int(5) NOT NULL,
  `tip` char(10) NOT NULL
) ENGINE=InnoDB DEFAULT CHARSET=latin1 COLLATE=latin1_swedish_ci;

--
-- Dumping data for table `tipuri`
--

INSERT INTO `tipuri` (`id_tip`, `tip`) VALUES
(1, 'C'),
(2, 'Sem'),
(3, 'L'),
(4, 'Pr.');

-- --------------------------------------------------------

--
-- Table structure for table `users`
--

CREATE TABLE `users` (
  `id_user` int(11) NOT NULL,
  `username` varchar(250) NOT NULL,
  `email` varchar(250) NOT NULL,
  `pass` varchar(1000) NOT NULL,
  `statut` int(11) NOT NULL
) ENGINE=InnoDB DEFAULT CHARSET=utf8mb4 COLLATE=utf8mb4_general_ci;

--
-- Dumping data for table `users`
--

INSERT INTO `users` (`id_user`, `username`, `email`, `pass`, `statut`) VALUES
(3, 'doroteeaPo', 'doroteeacristina.popa@ulbsibiu.ro', '$argon2i$v=19$m=65536,t=4,p=1$R0lMMVJ6NmowYndFMWlGbQ$aoCOdQDK00oi1o1BySoRFNWeWei3Dgp5jOCOCuT/G38', 0),
(4, 'dan', 'dan.popescu@ulbsibiu.ro', '$argon2i$v=19$m=65536,t=4,p=1$ZnB6ZDRncTlvUVVzY0tmeA$2j3oFS+Ye2HB1m2l35LGEmOmHyYorfNoBPThXBgGcCc', 0),
(5, 'antonia', 'antonia.suciu@ulbsibiu.ro', '$argon2i$v=19$m=65536,t=4,p=1$RFlKbWZ1bGVidERtSlBhTw$46VBY8jDzbn9ltFXkvWjMLO2EXWxd9wo+2SHxdFD+HA', 0),
(6, 'luiza', 'luiza.mihai@ulbsibiu.ro', '$argon2i$v=19$m=65536,t=4,p=1$akQ0VFBQSzhycnNSU3ljNQ$948JAGlztG1JaJxakW6+aYWkZejm9X14N/jj3m+/Wjw', 0),
(7, 'alex', 'alexandru.stanciu@ulbsibiu.ro', '$argon2i$v=19$m=65536,t=4,p=1$YU9mZk1TWWVkSWduTnVleQ$jGUZKfKthp2gAstJhSK6BVYZe3aoq05vgSBZi+gbQA4', 0),
(8, 'fabiana', 'fabiana.seicu@ulbsibiu.ro', '$argon2i$v=19$m=65536,t=4,p=1$MFR1RHRONlFnMEVxRUE2Qg$PJAPX+ddZc86NRUkMXj4ILRhsjrX73eKzpyb2EZnWig', 0),
(9, 'daniela', 'daniela.baciu@ulbsibiu.ro', '$argon2i$v=19$m=65536,t=4,p=1$dmV4UUMyemhIUFBvVndELw$kF1/k/NYiV67g9CM0pACilG/vB9G1STguEe2kE4+tE8', 0),
(10, 'ioan', 'ioan.paun@ulbsibiu.ro', '$argon2i$v=19$m=65536,t=4,p=1$SHZ3U242NVBwdTE5bjkwVQ$BnixgdjSuP77aaTFMugsTBo6lK6T/n9hJTH6qb+tiY4', 0),
(11, 'rares', 'rares.nita@ulbsibiu.ro', '$2y$10$INGfxLf5MOtlxbKKd5XAduV75QMdP8j5fIAt1NjMc0uTBL0wtoxVK', 0),
(12, 'ana', 'ana.irinescu@ulbsibiu.ro', '$2y$10$PgMQR7ZLdY.Z0YRoPvLMW.cP.wI/qI3L5MwXSoiXNFNPhhytpMygq', 0),
(13, 'iulia', 'iulia.pacurar@ulbsibiu.ro', '$2y$10$86iOsI6ryK0DKLeFPwCo3es9gOs4smPa1BHjRu4cACYJ.sNf3r4BO', 0),
(14, 'HoriaCaprita', 'horiavladut.caprita@ulbsibiu.ro', '$2y$10$pUc2lKxT.Ezt8gjzghpcz.s6PX9NDqm703Y8EGJl4c2FOPJuw55uK', 1),
(15, 'DanielVolovici', 'daniel.volovici@ulbsibiu.ro', '$2y$10$lpq6JH3OWRg3GwNewLEGquGyhQibogUUhaeHZUuq1Frl8XcAPe8Y2', 1),
(16, 'sergiu', 'sergiu.pop@ulbsibiu.ro', '$2y$10$QYp56e98JWp2g3QT0Gn0bev5i81n3Vh/MhowrH1KDXwHpdDvO/cVm', 0),
(17, 'ioana', 'ioana.dicoi@ulbsibiu.ro', '$2y$10$psJje3bCpsbeer2qf7VvFO/hhLLB/4y2WOiHYINB22wWudaChnc9W', 0),
(18, 'pavel', 'pavel.petrut@ulbsibiu.ro', '$2y$10$O5Re818ys4o4BJ4cPXTgPu20RncbjTn/6iIj9K1lckk6nI5BO5hL.', 0),
(20, 'maria', 'maria.muntean@ulbsibiu.ro', '$2y$10$WWZzJtAeg54lV874coYP9Oih3stGGLyvL4Qw.MDBlc7drwG5hIo6.', 0),
(21, 'medeea', 'medeea.patru@ulbsibiu.ro', '$2y$10$IIrqxcqrmj0ndz00fFLGJ.ehrDCrcBuxjbEdVmvGZ1QgxXuOj7S4u', 0),
(22, 'constantin', 'constantin.mezdrea@ulbsibiu.ro', '$2y$10$QjJkROD95R/CvplxtJN6CuQe3kE.J6b8NwplEQ9i5Av8MJWgAfJ5S', 0),
(25, 'veronica', 'veronica.stoica@ulbsibiu.ro', '$2y$10$3tTE5ayanZycSwTAqahwweRR4qnc8vQh7wH52b8mJG99Y7I3K6Obu', 0),
(27, 'Kristina', 'kristina.keul@ulbsibiu.ro', '$2y$10$XYjPsKHwzhoUEXHBUU.eB.7N6qz8DCdAO.VUS1CId/HURmJGr1X5e', 0),
(28, 'constantinescu', 'constantin.constantinescu@ulbsibiu.ro', '$2y$10$MluoPda76zyLFSOV6oX8hOt5qRoCUtYAMNzykS8IymgHskXt0s5Ya', 2),
(29, 'Zamfirescu', 'balaconstantin.zamfirescu@ulbsibiu.ro', '$2y$10$nYSupM/uWEYShIVvyQ25ee8f6H0gbNH4SlOoa.1XqGdQIlb.IMJ.i', 2);

--
-- Indexes for dumped tables
--

--
-- Indexes for table `arhive`
--
ALTER TABLE `arhive`
  ADD PRIMARY KEY (`id_arhiva`);

--
-- Indexes for table `cerinte`
--
ALTER TABLE `cerinte`
  ADD PRIMARY KEY (`id_cerinte`);

--
-- Indexes for table `legaturi_standar`
--
ALTER TABLE `legaturi_standar`
  ADD PRIMARY KEY (`id_leg_s`);

--
-- Indexes for table `legturi_s`
--
ALTER TABLE `legturi_s`
  ADD PRIMARY KEY (`id_leg_ser`);

--
-- Indexes for table `locuri`
--
ALTER TABLE `locuri`
  ADD PRIMARY KEY (`id_locuri`);

--
-- Indexes for table `materi`
--
ALTER TABLE `materi`
  ADD PRIMARY KEY (`id_materie`);

--
-- Indexes for table `nivele_seri`
--
ALTER TABLE `nivele_seri`
  ADD PRIMARY KEY (`id_ns`);

--
-- Indexes for table `note`
--
ALTER TABLE `note`
  ADD PRIMARY KEY (`id_nota`);

--
-- Indexes for table `notificatii`
--
ALTER TABLE `notificatii`
  ADD PRIMARY KEY (`id_notificatie`);

--
-- Indexes for table `on0`
--
ALTER TABLE `on0`
  ADD PRIMARY KEY (`id_on0`),
  ADD KEY `id_orar` (`id_orar`,`id_nivel0`);

--
-- Indexes for table `orar`
--
ALTER TABLE `orar`
  ADD PRIMARY KEY (`id_orar`),
  ADD KEY `id_profesor` (`id_profesor`,`id_materie`,`id_sala`,`id_tip`,`paritate`,`id_nivel`);

--
-- Indexes for table `ore`
--
ALTER TABLE `ore`
  ADD PRIMARY KEY (`id_ore`),
  ADD KEY `id_orar` (`id_orar`);

--
-- Indexes for table `profesori`
--
ALTER TABLE `profesori`
  ADD PRIMARY KEY (`id_profesor`);

--
-- Indexes for table `profesori_depcie`
--
ALTER TABLE `profesori_depcie`
  ADD PRIMARY KEY (`id_profesor_depcie`);

--
-- Indexes for table `sali`
--
ALTER TABLE `sali`
  ADD PRIMARY KEY (`id_sala`);

--
-- Indexes for table `specializare`
--
ALTER TABLE `specializare`
  ADD PRIMARY KEY (`id_specializare`);

--
-- Indexes for table `student`
--
ALTER TABLE `student`
  ADD PRIMARY KEY (`id_student`);

--
-- Indexes for table `taskuri`
--
ALTER TABLE `taskuri`
  ADD PRIMARY KEY (`id_task`);

--
-- Indexes for table `teme_licenta`
--
ALTER TABLE `teme_licenta`
  ADD PRIMARY KEY (`id_tema`);

--
-- Indexes for table `tipuri`
--
ALTER TABLE `tipuri`
  ADD PRIMARY KEY (`id_tip`);

--
-- Indexes for table `users`
--
ALTER TABLE `users`
  ADD PRIMARY KEY (`id_user`);

--
-- AUTO_INCREMENT for dumped tables
--

--
-- AUTO_INCREMENT for table `arhive`
--
ALTER TABLE `arhive`
  MODIFY `id_arhiva` int(11) NOT NULL AUTO_INCREMENT, AUTO_INCREMENT=45;

--
-- AUTO_INCREMENT for table `cerinte`
--
ALTER TABLE `cerinte`
  MODIFY `id_cerinte` int(11) NOT NULL AUTO_INCREMENT, AUTO_INCREMENT=142;

--
-- AUTO_INCREMENT for table `legaturi_standar`
--
ALTER TABLE `legaturi_standar`
  MODIFY `id_leg_s` int(10) NOT NULL AUTO_INCREMENT, AUTO_INCREMENT=338;

--
-- AUTO_INCREMENT for table `legturi_s`
--
ALTER TABLE `legturi_s`
  MODIFY `id_leg_ser` int(10) NOT NULL AUTO_INCREMENT, AUTO_INCREMENT=350;

--
-- AUTO_INCREMENT for table `locuri`
--
ALTER TABLE `locuri`
  MODIFY `id_locuri` int(11) NOT NULL AUTO_INCREMENT, AUTO_INCREMENT=5;

--
-- AUTO_INCREMENT for table `materi`
--
ALTER TABLE `materi`
  MODIFY `id_materie` int(5) NOT NULL AUTO_INCREMENT, AUTO_INCREMENT=1039;

--
-- AUTO_INCREMENT for table `nivele_seri`
--
ALTER TABLE `nivele_seri`
  MODIFY `id_ns` int(10) NOT NULL AUTO_INCREMENT, AUTO_INCREMENT=833;

--
-- AUTO_INCREMENT for table `note`
--
ALTER TABLE `note`
  MODIFY `id_nota` int(11) NOT NULL AUTO_INCREMENT, AUTO_INCREMENT=4;

--
-- AUTO_INCREMENT for table `notificatii`
--
ALTER TABLE `notificatii`
  MODIFY `id_notificatie` int(5) NOT NULL AUTO_INCREMENT;

--
-- AUTO_INCREMENT for table `on0`
--
ALTER TABLE `on0`
  MODIFY `id_on0` int(10) NOT NULL AUTO_INCREMENT, AUTO_INCREMENT=20500;

--
-- AUTO_INCREMENT for table `orar`
--
ALTER TABLE `orar`
  MODIFY `id_orar` int(10) NOT NULL AUTO_INCREMENT, AUTO_INCREMENT=9266;

--
-- AUTO_INCREMENT for table `ore`
--
ALTER TABLE `ore`
  MODIFY `id_ore` int(10) NOT NULL AUTO_INCREMENT, AUTO_INCREMENT=30348;

--
-- AUTO_INCREMENT for table `profesori`
--
ALTER TABLE `profesori`
  MODIFY `id_profesor` int(5) NOT NULL AUTO_INCREMENT, AUTO_INCREMENT=338;

--
-- AUTO_INCREMENT for table `profesori_depcie`
--
ALTER TABLE `profesori_depcie`
  MODIFY `id_profesor_depcie` int(11) NOT NULL AUTO_INCREMENT, AUTO_INCREMENT=5;

--
-- AUTO_INCREMENT for table `sali`
--
ALTER TABLE `sali`
  MODIFY `id_sala` int(5) NOT NULL AUTO_INCREMENT, AUTO_INCREMENT=280;

--
-- AUTO_INCREMENT for table `specializare`
--
ALTER TABLE `specializare`
  MODIFY `id_specializare` int(11) NOT NULL AUTO_INCREMENT, AUTO_INCREMENT=6;

--
-- AUTO_INCREMENT for table `student`
--
ALTER TABLE `student`
  MODIFY `id_student` int(11) NOT NULL AUTO_INCREMENT, AUTO_INCREMENT=22;

--
-- AUTO_INCREMENT for table `taskuri`
--
ALTER TABLE `taskuri`
  MODIFY `id_task` int(11) NOT NULL AUTO_INCREMENT, AUTO_INCREMENT=13;

--
-- AUTO_INCREMENT for table `teme_licenta`
--
ALTER TABLE `teme_licenta`
  MODIFY `id_tema` int(11) NOT NULL AUTO_INCREMENT, AUTO_INCREMENT=7;

--
-- AUTO_INCREMENT for table `tipuri`
--
ALTER TABLE `tipuri`
  MODIFY `id_tip` int(5) NOT NULL AUTO_INCREMENT, AUTO_INCREMENT=5;

--
-- AUTO_INCREMENT for table `users`
--
ALTER TABLE `users`
  MODIFY `id_user` int(11) NOT NULL AUTO_INCREMENT, AUTO_INCREMENT=30;
COMMIT;

/*!40101 SET CHARACTER_SET_CLIENT=@OLD_CHARACTER_SET_CLIENT */;
/*!40101 SET CHARACTER_SET_RESULTS=@OLD_CHARACTER_SET_RESULTS */;
/*!40101 SET COLLATION_CONNECTION=@OLD_COLLATION_CONNECTION */;
